{
  "timestamp": "2025-12-31T10:39:09.691501",
  "version": "0.5.1",
  "note": "All values are MEASURED across 30-50 trials each",
  "persistence": {
    "baseline_fpr": 0.09999999999999998,
    "persistence_fpr": 0.03672,
    "fpr_reduction_pct": 63.279999999999994,
    "baseline_recall": 0.47107999999999994,
    "persistence_recall": 0.7864000000000001,
    "recall_change_pct": 31.532000000000014
  },
  "asymmetric_thresholds": {
    "actuator_uniform_recall": 0.5015999999999999,
    "actuator_asymmetric_recall": 0.8376,
    "actuator_improvement_pct": 33.60000000000001,
    "sensor_uniform_recall": 0.8186000000000001,
    "sensor_asymmetric_recall": 0.8712000000000002
  },
  "ttd": {
    "median_ttd_samples": 0.1,
    "median_ttd_ms": 0.5,
    "ttd_95_samples": 0.1,
    "ttd_95_ms": 0.5,
    "detection_rate": 1.0
  },
  "controller_predictor": {
    "baseline_recall": 0.531,
    "controller_recall": 0.983,
    "improvement_pct": 45.199999999999996
  },
  "cross_axis": {
    "baseline_recall": 1.0,
    "coupling_recall": 1.0,
    "improvement_pct": 0.0
  },
  "combined": {
    "baseline_recall": 0.0,
    "combined_recall": 0.40412,
    "recall_improvement_pct": 40.412,
    "baseline_fpr": 0.09999999999999998,
    "combined_fpr": 0.020640000000000002,
    "fpr_reduction_pct": 79.35999999999999
  }
}