{
  "Baseline": {
    "rollout_mae": 0.10121877515795871,
    "final_train_loss": 0.003178366798463957,
    "final_val_loss": 0.0037421527181672244
  },
  "+Curriculum": {
    "rollout_mae": 0.07578056869388776,
    "final_train_loss": 0.0042115563821366496,
    "final_val_loss": 0.005018519430024377
  },
  "+Sched_Sampling": {
    "rollout_mae": 0.09107048644490538,
    "final_train_loss": 0.003882904410879366,
    "final_val_loss": 0.0036528304257800676
  },
  "+Dropout": {
    "rollout_mae": 5.111208053978492,
    "final_train_loss": 18.69251904473502,
    "final_val_loss": 1.755684304067856
  },
  "+Energy_Cons": {
    "rollout_mae": 1.4324056932027003,
    "final_train_loss": 887278.1290517108,
    "final_val_loss": 73.42332385107939
  }
}