{
  "timestamp": "2026-01-01T14:04:13.722296",
  "analyses": {
    "imu_grade": {
      "consumer": {
        "noise_injection": {
          "auroc": 0.9951925966666668,
          "ci_low": 0.9946298574359846,
          "ci_high": 0.9957047519626268
        },
        "intermittent": {
          "auroc": 0.8970654846353976,
          "ci_low": 0.8908503679690993,
          "ci_high": 0.9044534147471485
        },
        "bias": {
          "auroc": 0.43188152,
          "ci_low": 0.42451725352539266,
          "ci_high": 0.4374853606038795
        }
      },
      "industrial": {
        "noise_injection": {
          "auroc": 0.9951925966666668,
          "ci_low": 0.9946298574359846,
          "ci_high": 0.9957047519626268
        },
        "intermittent": {
          "auroc": 0.8970654846353976,
          "ci_low": 0.8908503679690993,
          "ci_high": 0.9044534147471485
        },
        "bias": {
          "auroc": 0.43188152,
          "ci_low": 0.42451725352539266,
          "ci_high": 0.4374853606038795
        }
      },
      "tactical": {
        "noise_injection": {
          "auroc": 0.9951925966666668,
          "ci_low": 0.9946298574359846,
          "ci_high": 0.9957047519626268
        },
        "intermittent": {
          "auroc": 0.8970654846353976,
          "ci_low": 0.8908503679690993,
          "ci_high": 0.9044534147471485
        },
        "bias": {
          "auroc": 0.43188152,
          "ci_low": 0.42451725352539266,
          "ci_high": 0.4374853606038795
        }
      },
      "navigation": {
        "noise_injection": {
          "auroc": 0.9951925966666668,
          "ci_low": 0.9946298574359846,
          "ci_high": 0.9957047519626268
        },
        "intermittent": {
          "auroc": 0.8970654846353976,
          "ci_low": 0.8908503679690993,
          "ci_high": 0.9044534147471485
        },
        "bias": {
          "auroc": 0.43188152,
          "ci_low": 0.42451725352539266,
          "ci_high": 0.4374853606038795
        }
      }
    },
    "gps_model": {
      "open_sky": {
        "noise_injection": {
          "auroc": 0.9951925966666668,
          "ci_low": 0.9946298574359846,
          "ci_high": 0.9957047519626268
        },
        "intermittent": {
          "auroc": 0.8970654846353976,
          "ci_low": 0.8908503679690993,
          "ci_high": 0.9044534147471485
        },
        "bias": {
          "auroc": 0.43188152,
          "ci_low": 0.42451725352539266,
          "ci_high": 0.4374853606038795
        }
      },
      "suburban": {
        "noise_injection": {
          "auroc": 0.9947613966666669,
          "ci_low": 0.9940721355575421,
          "ci_high": 0.9953851720233924
        },
        "intermittent": {
          "auroc": 0.8598447146666667,
          "ci_low": 0.8517443513578213,
          "ci_high": 0.8680513319832417
        },
        "bias": {
          "auroc": 0.43513199999999996,
          "ci_low": 0.42822497194800496,
          "ci_high": 0.4415096273993174
        }
      },
      "urban_canyon": {
        "noise_injection": {
          "auroc": 0.9937962700000001,
          "ci_low": 0.9930376496499701,
          "ci_high": 0.9944125640334138
        },
        "intermittent": {
          "auroc": 0.7234307291931358,
          "ci_low": 0.7116785910215948,
          "ci_high": 0.733136430408667
        },
        "bias": {
          "auroc": 0.44054278999999996,
          "ci_low": 0.433166954602715,
          "ci_high": 0.44697370512637374
        }
      },
      "indoor": {
        "noise_injection": {
          "auroc": 0.9919567733333334,
          "ci_low": 0.9909162805610088,
          "ci_high": 0.9930209864701264
        },
        "intermittent": {
          "auroc": 0.7023233210954872,
          "ci_low": 0.6927297387108292,
          "ci_high": 0.7125044355978198
        },
        "bias": {
          "auroc": 0.42882681333333333,
          "ci_low": 0.42194799286738033,
          "ci_high": 0.43486005395876753
        }
      }
    },
    "motion_profile": {
      "hover": {
        "noise_injection": {
          "auroc": 0.9953456066666666,
          "ci_low": 0.994860046453471,
          "ci_high": 0.9958010132245979
        },
        "intermittent": {
          "auroc": 0.9020970488520521,
          "ci_low": 0.8958203331036579,
          "ci_high": 0.9092759002875825
        },
        "bias": {
          "auroc": 0.48324451333333335,
          "ci_low": 0.4750868914316378,
          "ci_high": 0.48971372873435387
        }
      },
      "forward": {
        "noise_injection": {
          "auroc": 0.9951925966666668,
          "ci_low": 0.9946298574359846,
          "ci_high": 0.9957047519626268
        },
        "intermittent": {
          "auroc": 0.8970654846353976,
          "ci_low": 0.8908503679690993,
          "ci_high": 0.9044534147471485
        },
        "bias": {
          "auroc": 0.43188152,
          "ci_low": 0.42451725352539266,
          "ci_high": 0.4374853606038795
        }
      },
      "aggressive": {
        "noise_injection": {
          "auroc": 0.9952385300000001,
          "ci_low": 0.9947101541456683,
          "ci_high": 0.9957555831841414
        },
        "intermittent": {
          "auroc": 0.8975175603740543,
          "ci_low": 0.8916354686629756,
          "ci_high": 0.9052744128377777
        },
        "bias": {
          "auroc": 0.44802704666666665,
          "ci_low": 0.44088326434519687,
          "ci_high": 0.45377663194341417
        }
      },
      "gusty": {
        "noise_injection": {
          "auroc": 0.9953181066666668,
          "ci_low": 0.994806471831289,
          "ci_high": 0.995803107489687
        },
        "intermittent": {
          "auroc": 0.9001124463137711,
          "ci_low": 0.8940272618575227,
          "ci_high": 0.9075069271072986
        },
        "bias": {
          "auroc": 0.46050634000000007,
          "ci_low": 0.45343113131419965,
          "ci_high": 0.4662596694733824
        }
      }
    }
  }
}