{
  "timestamp": "2025-12-30T12:03:49.403673",
  "method": "One-Class Autoencoder",
  "data_dir": "data\\alfa\\temporal",
  "n_seeds": 5,
  "n_flights": 47,
  "n_normal_samples": 3187,
  "n_fault_samples": 2366,
  "aggregate": {
    "sample_auroc_mean": 0.5438585695639592,
    "sample_auroc_std": 0.01064188151848676,
    "sample_fpr_mean": 0.050203953561342954,
    "sample_fpr_std": 0.0,
    "flight_detection_rate_mean": 0.4486486486486487,
    "flight_detection_rate_std": 0.013240485096125286,
    "flight_false_alarm_rate_mean": 0.3,
    "flight_false_alarm_rate_std": 0.0
  },
  "per_seed": [
    {
      "threshold_percentile": 95,
      "min_consecutive": 3,
      "threshold_value": 1.4336570501327515,
      "sample_auroc": 0.5289013561804466,
      "sample_aupr": 0.4490179709630764,
      "sample_tp": 141,
      "sample_fp": 160,
      "sample_tn": 3027,
      "sample_fn": 2225,
      "sample_precision": 0.4684385382059801,
      "sample_recall": 0.05959425190194421,
      "sample_fpr": 0.050203953561342954,
      "flight_detection_rate": 0.43243243243243246,
      "flight_false_alarm_rate": 0.3,
      "mean_detection_delay": 30.75,
      "n_fault_flights_detected": 16,
      "n_normal_flights_alarmed": 3,
      "n_fault_flights": 37,
      "n_normal_flights": 10
    },
    {
      "threshold_percentile": 95,
      "min_consecutive": 3,
      "threshold_value": 1.3019285202026367,
      "sample_auroc": 0.5482134866895071,
      "sample_aupr": 0.461020766943514,
      "sample_tp": 184,
      "sample_fp": 160,
      "sample_tn": 3027,
      "sample_fn": 2182,
      "sample_precision": 0.5348837209302325,
      "sample_recall": 0.07776838546069316,
      "sample_fpr": 0.050203953561342954,
      "flight_detection_rate": 0.4594594594594595,
      "flight_false_alarm_rate": 0.3,
      "mean_detection_delay": 34.23529411764706,
      "n_fault_flights_detected": 17,
      "n_normal_flights_alarmed": 3,
      "n_fault_flights": 37,
      "n_normal_flights": 10
    },
    {
      "threshold_percentile": 95,
      "min_consecutive": 3,
      "threshold_value": 1.4225523471832275,
      "sample_auroc": 0.533672959754879,
      "sample_aupr": 0.4524784578187432,
      "sample_tp": 166,
      "sample_fp": 160,
      "sample_tn": 3027,
      "sample_fn": 2200,
      "sample_precision": 0.50920245398773,
      "sample_recall": 0.07016060862214708,
      "sample_fpr": 0.050203953561342954,
      "flight_detection_rate": 0.43243243243243246,
      "flight_false_alarm_rate": 0.3,
      "mean_detection_delay": 30.375,
      "n_fault_flights_detected": 16,
      "n_normal_flights_alarmed": 3,
      "n_fault_flights": 37,
      "n_normal_flights": 10
    },
    {
      "threshold_percentile": 95,
      "min_consecutive": 3,
      "threshold_value": 1.3616011142730713,
      "sample_auroc": 0.5528833057796877,
      "sample_aupr": 0.4795672888066307,
      "sample_tp": 164,
      "sample_fp": 160,
      "sample_tn": 3027,
      "sample_fn": 2202,
      "sample_precision": 0.5061728395061729,
      "sample_recall": 0.06931530008453085,
      "sample_fpr": 0.050203953561342954,
      "flight_detection_rate": 0.4594594594594595,
      "flight_false_alarm_rate": 0.3,
      "mean_detection_delay": 41.94117647058823,
      "n_fault_flights_detected": 17,
      "n_normal_flights_alarmed": 3,
      "n_fault_flights": 37,
      "n_normal_flights": 10
    },
    {
      "threshold_percentile": 95,
      "min_consecutive": 3,
      "threshold_value": 1.7538143396377563,
      "sample_auroc": 0.5556217394152757,
      "sample_aupr": 0.4599431306722109,
      "sample_tp": 144,
      "sample_fp": 160,
      "sample_tn": 3027,
      "sample_fn": 2222,
      "sample_precision": 0.47368421052631576,
      "sample_recall": 0.060862214708368556,
      "sample_fpr": 0.050203953561342954,
      "flight_detection_rate": 0.4594594594594595,
      "flight_false_alarm_rate": 0.3,
      "mean_detection_delay": 42.76470588235294,
      "n_fault_flights_detected": 17,
      "n_normal_flights_alarmed": 3,
      "n_fault_flights": 37,
      "n_normal_flights": 10
    }
  ]
}