{
  "threshold_90": 0.39827775934356785,
  "threshold_95": 0.4937444733161657,
  "threshold_99": 0.785298260763947,
  "mean_error": 0.25288662582710253,
  "std_error": 0.3013153896764505,
  "final_val_loss": 0.010637217714382266
}