{
  "avg_recall": 0.9946666666666667,
  "fpr": 0.1475,
  "per_attack": {
    "gps_drift_0.25x": 1.0,
    "gps_drift_0.5x": 1.0,
    "gps_drift_1.0x": 1.0,
    "gps_drift_2.0x": 1.0,
    "gps_drift_4.0x": 1.0,
    "imu_bias_0.25x": 0.9866666666666667,
    "imu_bias_0.5x": 0.9866666666666667,
    "imu_bias_1.0x": 0.9866666666666667,
    "imu_bias_2.0x": 0.9866666666666667,
    "imu_bias_4.0x": 1.0,
    "jump_0.25x": 0.9866666666666667,
    "jump_0.5x": 0.9866666666666667,
    "jump_1.0x": 0.9866666666666667,
    "jump_2.0x": 0.9866666666666667,
    "jump_4.0x": 0.9866666666666667,
    "noise_0.25x": 1.0,
    "noise_0.5x": 1.0,
    "noise_1.0x": 1.0,
    "noise_2.0x": 1.0,
    "noise_4.0x": 1.0,
    "osc_0.25x": 0.9866666666666667,
    "osc_0.5x": 1.0,
    "osc_1.0x": 1.0,
    "osc_2.0x": 1.0,
    "osc_4.0x": 1.0
  }
}