{
  "overall_precision": 0.9380148335174373,
  "overall_recall": 0.18683639792550683,
  "overall_f1": 0.31160620675193956,
  "overall_fpr": 0.002796704900641505,
  "clean_fpr": 0.0028560482045209153,
  "total_attacks": 30,
  "threshold": 1.1165486234256246,
  "per_attack_results": {
    "gps_gradual_drift": {
      "samples": 28711,
      "attack_samples": 5999,
      "normal_samples": 22712,
      "true_positives": 2152,
      "false_positives": 67,
      "true_negatives": 22645,
      "false_negatives": 3847,
      "precision": 0.9698062190175755,
      "recall": 0.3587264544090682,
      "f1": 0.5237284010708202,
      "fpr": 0.002949982388164847,
      "mean_error": 0.568931439494168,
      "max_error": 7.463570622013693
    },
    "gps_sudden_jump": {
      "samples": 28711,
      "attack_samples": 3999,
      "normal_samples": 24712,
      "true_positives": 21,
      "false_positives": 63,
      "true_negatives": 24649,
      "false_negatives": 3978,
      "precision": 0.25,
      "recall": 0.005251312828207052,
      "f1": 0.010286554004408522,
      "fpr": 0.0025493687277436065,
      "mean_error": 0.4421149831269056,
      "max_error": 6.276039604497378
    },
    "gps_oscillating": {
      "samples": 28711,
      "attack_samples": 4999,
      "normal_samples": 23712,
      "true_positives": 14,
      "false_positives": 71,
      "true_negatives": 23641,
      "false_negatives": 4985,
      "precision": 0.16470588235294117,
      "recall": 0.0028005601120224045,
      "f1": 0.0055074744295830055,
      "fpr": 0.0029942645074224022,
      "mean_error": 0.47188888444416566,
      "max_error": 6.276039604497378
    },
    "gps_meaconing": {
      "samples": 28711,
      "attack_samples": 5999,
      "normal_samples": 22712,
      "true_positives": 32,
      "false_positives": 50,
      "true_negatives": 22662,
      "false_negatives": 5967,
      "precision": 0.3902439024390244,
      "recall": 0.005334222370395066,
      "f1": 0.010524584772241408,
      "fpr": 0.0022014793941528706,
      "mean_error": 0.4433046999440652,
      "max_error": 6.276039604497378
    },
    "gps_jamming": {
      "samples": 28711,
      "attack_samples": 2999,
      "normal_samples": 25712,
      "true_positives": 0,
      "false_positives": 82,
      "true_negatives": 25630,
      "false_negatives": 2999,
      "precision": 0.0,
      "recall": 0.0,
      "f1": 0.0,
      "fpr": 0.0031891723708774113,
      "mean_error": 0.4424604353694064,
      "max_error": 6.276039604497378
    },
    "gps_freeze": {
      "samples": 28711,
      "attack_samples": 3999,
      "normal_samples": 24712,
      "true_positives": 20,
      "false_positives": 62,
      "true_negatives": 24650,
      "false_negatives": 3979,
      "precision": 0.24390243902439024,
      "recall": 0.005001250312578144,
      "f1": 0.009801519235481499,
      "fpr": 0.002508902557461962,
      "mean_error": 0.44624886270316133,
      "max_error": 6.276039604497378
    },
    "gps_multipath": {
      "samples": 28711,
      "attack_samples": 5999,
      "normal_samples": 22712,
      "true_positives": 16,
      "false_positives": 66,
      "true_negatives": 22646,
      "false_negatives": 5983,
      "precision": 0.1951219512195122,
      "recall": 0.002667111185197533,
      "f1": 0.005262292386120704,
      "fpr": 0.0029059528002817895,
      "mean_error": 0.4416707496987183,
      "max_error": 6.276039604497378
    },
    "imu_constant_bias": {
      "samples": 28711,
      "attack_samples": 3999,
      "normal_samples": 24712,
      "true_positives": 2697,
      "false_positives": 79,
      "true_negatives": 24633,
      "false_negatives": 1302,
      "precision": 0.9715417867435159,
      "recall": 0.6744186046511628,
      "f1": 0.7961623616236162,
      "fpr": 0.003196827452249919,
      "mean_error": 0.7190982621118066,
      "max_error": 6.308310718021939
    },
    "imu_gradual_drift": {
      "samples": 28711,
      "attack_samples": 7999,
      "normal_samples": 20712,
      "true_positives": 5210,
      "false_positives": 63,
      "true_negatives": 20649,
      "false_negatives": 2789,
      "precision": 0.9880523421202352,
      "recall": 0.6513314164270534,
      "f1": 0.7851115129596143,
      "fpr": 0.003041714947856315,
      "mean_error": 1.8001266754927365,
      "max_error": 18.243039102080814
    },
    "imu_sinusoidal": {
      "samples": 28711,
      "attack_samples": 3999,
      "normal_samples": 24712,
      "true_positives": 10,
      "false_positives": 72,
      "true_negatives": 24640,
      "false_negatives": 3989,
      "precision": 0.12195121951219512,
      "recall": 0.002500625156289072,
      "f1": 0.004900759617740749,
      "fpr": 0.0029135642602784073,
      "mean_error": 0.44260858253482577,
      "max_error": 6.276039604497378
    },
    "imu_noise_injection": {
      "samples": 28711,
      "attack_samples": 4999,
      "normal_samples": 23712,
      "true_positives": 12,
      "false_positives": 70,
      "true_negatives": 23642,
      "false_negatives": 4987,
      "precision": 0.14634146341463414,
      "recall": 0.002400480096019204,
      "f1": 0.004723479629994096,
      "fpr": 0.0029520917678812417,
      "mean_error": 0.44945147043198386,
      "max_error": 6.276039604497378
    },
    "imu_scale_factor": {
      "samples": 28711,
      "attack_samples": 5999,
      "normal_samples": 22712,
      "true_positives": 16,
      "false_positives": 66,
      "true_negatives": 22646,
      "false_negatives": 5983,
      "precision": 0.1951219512195122,
      "recall": 0.002667111185197533,
      "f1": 0.005262292386120704,
      "fpr": 0.0029059528002817895,
      "mean_error": 0.4453980920906637,
      "max_error": 6.276039604497378
    },
    "gyro_saturation": {
      "samples": 28711,
      "attack_samples": 2999,
      "normal_samples": 25712,
      "true_positives": 2999,
      "false_positives": 83,
      "true_negatives": 25629,
      "false_negatives": 0,
      "precision": 0.973069435431538,
      "recall": 1.0,
      "f1": 0.9863509291234994,
      "fpr": 0.0032280647168637213,
      "mean_error": 1.0428411589237008,
      "max_error": 7.832164491239813
    },
    "accel_saturation": {
      "samples": 28711,
      "attack_samples": 1999,
      "normal_samples": 26712,
      "true_positives": 1989,
      "false_positives": 79,
      "true_negatives": 26633,
      "false_negatives": 10,
      "precision": 0.9617988394584139,
      "recall": 0.9949974987493747,
      "f1": 0.9781165478239489,
      "fpr": 0.0029574722970949385,
      "mean_error": 18.61742497395569,
      "max_error": 527.224436830141
    },
    "magnetometer_spoofing": {
      "samples": 28711,
      "attack_samples": 4999,
      "normal_samples": 23712,
      "true_positives": 12,
      "false_positives": 70,
      "true_negatives": 23642,
      "false_negatives": 4987,
      "precision": 0.14634146341463414,
      "recall": 0.002400480096019204,
      "f1": 0.004723479629994096,
      "fpr": 0.0029520917678812417,
      "mean_error": 0.4389343474277086,
      "max_error": 6.276039604497378
    },
    "barometer_spoofing": {
      "samples": 28711,
      "attack_samples": 5999,
      "normal_samples": 22712,
      "true_positives": 4303,
      "false_positives": 63,
      "true_negatives": 22649,
      "false_negatives": 1696,
      "precision": 0.9855703160787906,
      "recall": 0.7172862143690615,
      "f1": 0.8302942595272552,
      "fpr": 0.002773864036632617,
      "mean_error": 0.7313459757958707,
      "max_error": 6.276039604497378
    },
    "actuator_stuck": {
      "samples": 28711,
      "attack_samples": 3999,
      "normal_samples": 24712,
      "true_positives": 20,
      "false_positives": 62,
      "true_negatives": 24650,
      "false_negatives": 3979,
      "precision": 0.24390243902439024,
      "recall": 0.005001250312578144,
      "f1": 0.009801519235481499,
      "fpr": 0.002508902557461962,
      "mean_error": 0.44357827668808664,