{
  "Chi2": {
    "accuracy": 0.19358905096344317,
    "precision": 0.882960413080895,
    "recall": 0.10420475319926874,
    "f1": 0.18640988372093023,
    "fpr": 0.10793650793650794,
    "tpr": 0.10420475319926874,
    "specificity": 0.892063492063492,
    "balanced_accuracy": 0.49813412263138035,
    "TP": 513,
    "TN": 562,
    "FP": 68,
    "FN": 4410,
    "mean_detection_delay": 3.5016108751296997,
    "median_detection_delay": 3.5016108751296997,
    "roc_auc": 0.49282893061077093,
    "pr_auc": 0.8838354910798252,
    "mean_inference_time": null,
    "std_inference_time": null
  },
  "IForest": {
    "accuracy": 0.21123716909778498,
    "precision": 0.905829596412556,
    "recall": 0.12309567336989641,
    "f1": 0.2167381974248927,
    "fpr": 0.1,
    "tpr": 0.12309567336989641,
    "specificity": 0.9,
    "balanced_accuracy": 0.5115478366849482,
    "TP": 606,
    "TN": 567,
    "FP": 63,
    "FN": 4317,
    "mean_detection_delay": 0.47177886962890625,
    "median_detection_delay": 0.47177886962890625,
    "roc_auc": 0.5156444160709852,
    "pr_auc": 0.8912215265266913,
    "mean_inference_time": null,
    "std_inference_time": null
  },
  "SVM": {
    "accuracy": 0.9286871961102107,
    "precision": 0.9255499153976311,
    "recall": 1.0,
    "f1": 0.961335676625659,
    "fpr": 0.6285714285714286,
    "tpr": 1.0,
    "specificity": 0.37142857142857144,
    "balanced_accuracy": 0.6857142857142857,
    "TP": 4923,
    "TN": 234,
    "FP": 396,
    "FN": 0,
    "mean_detection_delay": 0.0,
    "median_detection_delay": 0.0,
    "roc_auc": 1.0,
    "pr_auc": 0.9998984359130612,
    "mean_inference_time": null,
    "std_inference_time": null
  }
}