{
  "overall": {
    "auroc": {
      "value": 0.6784027234156401,
      "ci_lower": 0.6639365299957798,
      "ci_upper": 0.693408484025398
    },
    "aupr": 0.5633472199772785,
    "recall_at_1pct_fpr": 0.2905,
    "recall_at_5pct_fpr": 0.3935,
    "missed_at_1pct_fpr": 0.7095,
    "missed_at_5pct_fpr": 0.6065,
    "actual_fpr_at_threshold": 0.018666666666666668
  },
  "per_attack": {
    "coordinated": {
      "auroc": 0.983509375,
      "recall_1pct": 0.64125,
      "recall_5pct": 0.9375
    },
    "ramp": {
      "auroc": 0.4662611111111111,
      "recall_1pct": 0.0,
      "recall_5pct": 0.016666666666666666
    },
    "drift": {
      "auroc": 0.4799361111111111,
      "recall_1pct": 0.015,
      "recall_5pct": 0.05333333333333334
    }
  },
  "per_sequence": {
    "auroc_mean": 0.6785775,
    "auroc_std": 0.2523289404353967,
    "auroc_worst": 0.41052500000000003,
    "n_sequences": 10
  },
  "controls": {
    "shuffled_labels_auroc": 0.5064234166666666,
    "leakage_check": "PASSED"
  },
  "sample_counts": {
    "n_test_samples": 8000,
    "n_test_attacks": 2000,
    "n_test_normals": 6000
  },
  "metadata": {
    "timestamp": "2026-01-01T10:43:20.135260",
    "eval_time_seconds": 3.0786170959472656,
    "config": {
      "seed": 42,
      "n_sequences": 100,
      "samples_per_sequence": 400,
      "sample_rate_hz": 200,
      "train_ratio": 0.6,
      "val_ratio": 0.2,
      "test_ratio": 0.2,
      "attack_types": [
        "bias",
        "drift",
        "noise",
        "coordinated",
        "intermittent",
        "ramp"
      ],
      "magnitudes": [
        1.0,
        5.0,
        10.0,
        25.0,
        50.0
      ],
      "target_fpr": 0.01,
      "target_fpr_5": 0.05,
      "n_bootstrap": 1000,
      "ci_level": 0.95,
      "window_size": 50,
      "hidden_dim": 64
    }
  }
}