{
  "state_dim": 12,
  "control_dim": 4,
  "hidden_size": 256,
  "num_layers": 5,
  "dropout": 0.1,
  "epochs": 50,
  "batch_size": 32,
  "lr": 0.001,
  "num_seeds": 1,
  "train_samples": 503,
  "val_samples": 126,
  "w0_mean_loss": 0.3128520995378494,
  "w0_std_loss": 0.0,
  "w0_best_loss": 0.3128520995378494,
  "w0_all_losses": [
    0.3128520995378494
  ],
  "w20_mean_loss": 3.0441893339157104,
  "w20_std_loss": 0.0,
  "w20_best_loss": 3.0441893339157104,
  "w20_all_losses": [
    3.0441893339157104
  ],
  "t_statistic": NaN,
  "p_value": NaN,
  "significant": false,
  "winner": "w=0"
}