{
  "optimal_threshold": 0.1707215321943475,
  "metric": "balanced_accuracy",
  "metric_value": 0.6920985567718168,
  "performance": {
    "precision": 0.9543726235741445,
    "recall": 0.6164551780597626,
    "f1": 0.749067396170107,
    "tpr": 0.6164551780597626,
    "fpr": 0.23225806451612904,
    "balanced_accuracy": 0.6920985567718168
  },
  "confusion_matrix": {
    "TP": 3012,
    "TN": 476,
    "FP": 144,
    "FN": 1874
  },
  "score_statistics": {
    "min": -0.7171820519007324,
    "max": 11.915949547963958,
    "mean": 0.5880679716736257,
    "std": 1.1968348880446262,
    "n_samples": 5506,
    "n_normal": 620,
    "n_fault": 4886
  }
}