{
  "physics_weight": {
    "w0_mean": 1.7359629919658253,
    "w0_std": 1.0568030529086323,
    "w20_mean": 2.7159631234471417,
    "w20_std": 1.5846294507849406,
    "welch_t": -2.3009886911928352,
    "welch_p": 0.02782512929278387,
    "cohens_d": -0.727636513445918,
    "sup_loss_ratio": 15.460217977541298,
    "variance_ratio": 2.2483676497381393
  },
  "correlation": {
    "overall_r": 0.3191728866956081,
    "overall_p": 0.04470028909546886,
    "w0_r": 0.30156200065813393,
    "w0_p": 0.19631559003799576,
    "w20_r": -0.018054465056764016,
    "w20_p": 0.9397780585313451
  },
  "architecture": {
    "baseline_mean": 2.648745695351857,
    "baseline_std": 1.5473251435185926,
    "modular_mean": 1.9601063446379048,
    "modular_std": 0.9915088209664669,
    "t_stat": 1.6757981334431198,
    "p_value": 0.10341767475750883,
    "single_step_var_ratio": 111.98930101490744,
    "levene_p": 0.033621558872577305
  }
}