{
  "metadata": {
    "timestamp": "2025-12-23T15:45:30.222869"
  },
  "weight_sweep_20seed": {
    "w0": {
      "rollout": {
        "mean": 1.7359629919658253,
        "std": 1.0568030529086323,
        "se": 0.23630834651330085,
        "ci95": 0.46316435916606963,
        "min": 0.4491225527460358,
        "max": 3.9653506011099267,
        "median": 1.4438898913256006,
        "q25": 0.9282451334279811,
        "q75": 2.3256016374543487,
        "n": 20
      },
      "single_step": {
        "mean": 0.01990075525827706,
        "std": 0.0073155717054839715,
        "se": 0.001635811562773623,
        "ci95": 0.003206190663036301,
        "min": 0.014528341591358185,
        "max": 0.03409423679113388,
        "median": 0.016270148567855358,
        "q25": 0.015356659889221191,
        "q75": 0.02048480324447155,
        "n": 20
      },
      "raw_rollouts": [
        3.9653506011099267,
        0.849398030541457,
        0.6540311163142665,
        1.1643864844808802,
        0.9545275010568224,
        2.316731882485363,
        0.4491225527460358,
        1.7442521093166476,
        1.3186062883382275,
        3.4284978631188587,
        2.352210902361306,
        3.2025395255511393,
        1.057678055785503,
        1.29931769515983,
        0.6260362859315273,
        1.7230576989629227,
        0.7462752805706878,
        3.434978462181044,
        1.8630880089910906,
        1.5691734943129738
      ],
      "raw_single_step": [
        0.01725780963897705,
        0.01622677594423294,
        0.016580821946263313,
        0.015311213210225105,
        0.01580268144607544,
        0.016313521191477776,
        0.015208269469439983,
        0.014893101528286934,
        0.014890341088175774,
        0.015541808679699898,
        0.016825465485453606,
        0.030165784060955048,
        0.015965137630701065,
        0.03409423679113388,
        0.015371808782219887,
        0.030417650938034058,
        0.016759535297751427,
        0.03398866578936577,
        0.014528341591358185,
        0.031872134655714035
      ]
    },
    "w20": {
      "rollout": {
        "mean": 2.7159631234471417,
        "std": 1.5846294507849406,
        "se": 0.3543339171103284,
        "ci95": 0.6944944775362437,
        "min": 0.5989973310442075,
        "max": 6.142507190128351,
        "median": 2.995359920164746,
        "q25": 1.0275569614252509,
        "q75": 3.861179252294924,
        "n": 20
      },
      "single_step": {
        "mean": 0.048198322765529156,
        "std": 0.013242999158187376,
        "se": 0.0029612246343679463,
        "ci95": 0.005804000283361175,
        "min": 0.037768371403217316,
        "max": 0.07362285256385803,
        "median": 0.04062783904373646,
        "q25": 0.038618965074419975,
        "q75": 0.05895417556166649,
        "n": 20
      },
      "raw_rollouts": [
        3.898984042550476,
        0.9302747848016922,
        0.7175453795437614,
        6.142507190128351,
        3.8485776555430733,
        3.3707458333116533,
        3.177909451668605,
        3.2022205493538074,
        0.9624983448328912,
        2.6842458517808216,
        3.5729112416427733,
        3.918480533329145,
        0.5989973310442075,
        2.645098869869978,
        4.888178499443961,
        2.812810388660887,
        3.9982451818887697,
        1.0492431669560374,
        1.167544457875401,
        0.7322437147165488
      ],
      "raw_single_step": [
        0.039516739547252655,
        0.041072480380535126,
        0.038250915706157684,
        0.04055912047624588,
        0.03867296874523163,
        0.07362285256385803,
        0.07345648109912872,
        0.03839433938264847,
        0.04195435345172882,
        0.037768371403217316,
        0.040696557611227036,
        0.03831413388252258,
        0.061612825840711594,
        0.049293819814920425,
        0.06418532133102417,
        0.05806795880198479,
        0.038456954061985016,
        0.03968805819749832,
        0.07062599062919617,
        0.03975621238350868
      ]
    },
    "comparison": {
      "welch_t": -2.3009886911928352,
      "welch_p": 0.02782512929278387,
      "mann_whitney_u": 135.0,
      "mann_whitney_p": 0.08103174924185103,
      "cohens_d": -0.727636513445918,
      "levene_stat": 3.173542103344924,
      "levene_p": 0.08283405585529975,
      "cv1_percent": 60.87704967211863,
      "cv2_percent": 58.345028218708094
    }
  },
  "correlation_analysis": {
    "overall": {
      "r": 0.3191728866956081,
      "p": 0.04470028909546886
    },
    "w0_within": {
      "r": 0.30156200065813393,
      "p": 0.19631559003799576
    },
    "w20_within": {
      "r": -0.018054465056764016,
      "p": 0.9397780585313451
    },
    "simpsons_paradox": 