{
  "training_metrics": {
    "cv_recall_mean": 0.6134472658004925,
    "cv_recall_std": 0.23582470059619123,
    "train_precision": 0.8562470666984682,
    "train_recall": 0.9999550739482811
  },
  "category_results": {
    "GPS": 0.8630000000000001,
    "IMU": 0.9510753968253968,
    "Mag/Baro": 0.6771666666666667,
    "Actuator": 0.6276736111111111,
    "Coordinated": 0.7670833333333333,
    "Temporal": 0.6420370370370371,
    "Stealth": 0.5801276760107317
  },
  "per_attack_results": {
    "clean": {
      "fpr": 0.019551924982478187
    },
    "gps_gradual_drift": {
      "precision": 1.0,
      "recall": 0.9994444444444445,
      "f1": 0.999722145040289,
      "fpr": 0.0,
      "tp": 1799,
      "fp": 0,
      "fn": 1,
      "tn": 3550
    },
    "gps_sudden_jump": {
      "precision": 1.0,
      "recall": 0.9391666666666667,
      "f1": 0.9686291362269016,
      "fpr": 0.0,
      "tp": 1127,
      "fp": 0,
      "fn": 73,
      "tn": 2350
    },
    "gps_oscillating": {
      "precision": 1.0,
      "recall": 0.9993333333333333,
      "f1": 0.9996665555185061,
      "fpr": 0.0,
      "tp": 1499,
      "fp": 0,
      "fn": 1,
      "tn": 2950
    },
    "gps_meaconing": {
      "precision": 1.0,
      "recall": 0.10555555555555556,
      "f1": 0.19095477386934673,
      "fpr": 0.0,
      "tp": 190,
      "fp": 0,
      "fn": 1610,
      "tn": 3550
    },
    "gps_jamming": {
      "precision": 1.0,
      "recall": 0.9988888888888889,
      "f1": 0.9994441356309061,
      "fpr": 0.0,
      "tp": 899,
      "fp": 0,
      "fn": 1,
      "tn": 1750
    },
    "gps_freeze": {
      "precision": 1.0,
      "recall": 0.9991666666666666,
      "f1": 0.9995831596498541,
      "fpr": 0.0,
      "tp": 1199,
      "fp": 0,
      "fn": 1,
      "tn": 2350
    },
    "gps_multipath": {
      "precision": 1.0,
      "recall": 0.9994444444444445,
      "f1": 0.999722145040289,
      "fpr": 0.0,
      "tp": 1799,
      "fp": 0,
      "fn": 1,
      "tn": 3550
    },
    "imu_constant_bias": {
      "precision": 1.0,
      "recall": 0.9958333333333333,
      "f1": 0.9979123173277662,
      "fpr": 0.0,
      "tp": 1195,
      "fp": 0,
      "fn": 5,
      "tn": 2350
    },
    "imu_gradual_drift": {
      "precision": 1.0,
      "recall": 0.9995833333333334,
      "f1": 0.9997916232548448,
      "fpr": 0.0,
      "tp": 2399,
      "fp": 0,
      "fn": 1,
      "tn": 4750
    },
    "imu_sinusoidal": {
      "precision": 1.0,
      "recall": 0.8883333333333333,
      "f1": 0.940864960282436,
      "fpr": 0.0,
      "tp": 1066,
      "fp": 0,
      "fn": 134,
      "tn": 2350
    },
    "imu_noise_injection": {
      "precision": 1.0,
      "recall": 0.9993333333333333,
      "f1": 0.9996665555185061,
      "fpr": 0.0,
      "tp": 1499,
      "fp": 0,
      "fn": 1,
      "tn": 2950
    },
    "imu_scale_factor": {
      "precision": 1.0,
      "recall": 0.7772222222222223,
      "f1": 0.8746483276023758,
      "fpr": 0.0,
      "tp": 1399,
      "fp": 0,
      "fn": 401,
      "tn": 3550
    },
    "gyro_saturation": {
      "precision": 1.0,
      "recall": 0.9988888888888889,
      "f1": 0.9994441356309061,
      "fpr": 0.0,
      "tp": 899,
      "fp": 0,
      "fn": 1,
      "tn": 1750
    },
    "accel_saturation": {
      "precision": 1.0,
      "recall": 0.9983333333333333,
      "f1": 0.9991659716430359,
      "fpr": 0.0,
      "tp": 599,
      "fp": 0,
      "fn": 1,
      "tn": 1150
    },
    "magnetometer_spoofing": {
      "precision": 1.0,
      "recall": 0.9993333333333333,
      "f1": 0.9996665555185061,
      "fpr": 0.0,
      "tp": 1499,
      "fp": 0,
      "fn": 1,
      "tn": 2950
    },
    "barometer_spoofing": {
      "precision": 1.0,
      "recall": 0.355,
      "f1": 0.5239852398523985,
      "fpr": 0.0,
      "tp": 639,
      "fp": 0,
      "fn": 1161,
      "tn": 3550
    },
    "actuator_stuck": {
      "precision": 1.0,
      "recall": 0.9991666666666666,
      "f1": 0.9995831596498541,
      "fpr": 0.0,
      "tp": 1199,
      "fp": 0,
      "fn": 1,
      "tn": 2350
    },
    "actuator_degraded": {
      "precision": 1.0,
      "recall": 0.4579166666666667,
      "f1": 0.6281794798513861,
      "fpr": 0.0,
      "tp": 1099,
      "fp": 0,
      "fn": 1301,
      "tn": 4750
    },
    "control_hijack": {
      "precision": 1.0,
      "recall": 0.05444444444444444,
      "f1": 0.10326659641728134,
      "fpr": 0.0,
      "tp": 49,
      "fp": 0,
      "fn": 851,
      "tn": 1750
    },
    "thrust_manipulation": {
      "precision": 1.0,
      "recall": 0.9991666666666666,
      "f1": 0.9995831596498541,
      "fpr": 0.0,
      "tp": 1199,
      "fp": 0,
      "fn": 1,
      "tn": 2350
    },
    "coordinated_gps_imu": {
      "precision": 1.0,
      "recall": 0.79,
      "f1": 0.8826815642458101,
      "fpr": 0.0,
      "tp": 1185,
      "fp": 0,
      "fn": 315,
      "tn": 2950
    },
    "stealthy_coordinated": {
      "precision": 1.0,
      "recall": 0.7441666666666666,
      "f1": 0.8533205924510272,
      "fpr": 0.0,
      "tp": 1786,
      "fp": 0,
      "fn": 614,
      "tn": 4750
    },
    "replay_attack": {
      "precision": 1.0,
      "recall": 0.9,
      "f1": 0.9473684210526316,
      "fpr": 0.0,
      "tp": 27,
      "fp": 0,
      "fn": 3,
      "tn": 10
    },
    "time_delay": {
      "precision": 1.0,
      "recall": 0.02722222222222222,
      "f1": 0.05300162249864791,
      "fpr": 0.0,
      "tp": 49,
      "fp": 0,
      "fn": 1751,
      "tn": 3550
    },
    "sensor_dropout": {
      "precision": 1.0,
      "recall": 0.9988888888888889,
      "f1": 0.9994441356309061,
      "fpr": 0.0,
      "tp": 899,
      "fp": 0,
      "fn": 1,
      "tn": 1750
    },
    "adaptive_attack": {
      "precision": 1.0,
      "recall": 0.8563333333333333,
      "f1": 0.9226072903573352,
      "fpr": 0.0,
      "tp": 2569,
      "fp": 0,
      "fn": 431,
      "tn": 5950
    },
    "intermittent_attack": {
      "precision": 1.0,
      "recall": 0.2672772689425479,
      "f1": 0.4218134034165572,
      "fpr": 0.0,
      "tp": 321,
      "fp": 0,
      "fn": 880,
      "tn": 2352
    },
    "slow_ramp": {
      "precision": 1.0,
      "recall": 0.5779166666666666,
      "f1": 0.7325059413783997,
      "fpr": 0.0,
      "tp": 2774,
      "fp": 0,
      "fn": 2026,
      "tn": 9550
    },
    "resonance_attack": {
      "precision": 1.0,
      "recall": 0.7777777777777778,
      "f1": 0.8750000000000001,
      "fpr": 0.0,
      "tp": 1400,
      "fp": 0,
      "fn": 400,
      "tn": 3550
    },
    "false_data_injection": {
      "precision": 1.0,
      "recall": 0.42133333333333334,
      "f1": 0.5928705440900562,
      "fpr": 0.0,
      "tp": 632,
      "fp": 0,
      "fn": 868,
      "tn": 2950
    }
  },
  "overall_recall": 0.7641490571128996,
  "overall_fpr": 0.0,
  "clean_fpr": 0.019551924982478187
}