{
  "model_type": "SequencePINN",
  "sequence_length": 20,
  "overall_precision": 0.0031495987266965757,
  "overall_recall": 0.44467073998642226,
  "overall_f1": 0.0062548940965259075,
  "clean_fpr": 0.05000434568473506,
  "total_attacks": 30,
  "threshold": 0.3966537415981293,
  "category_results": {
    "GPS": 0.40449256625727215,
    "IMU": 0.8363171355498721,
    "Mag/Baro": 0.46153846153846156,
    "Actuator": 0.4445701357466063,
    "Coordinated": 0.47674418604651164,
    "Temporal": 0.025641025641025644,
    "Stealth": 0.5135109949175938
  },
  "per_attack_results": {
    "gps_gradual_drift": {
      "samples": 138068,
      "attack_samples": 52,
      "normal_samples": 138016,
      "true_positives": 32,
      "false_positives": 6914,
      "true_negatives": 131102,
      "false_negatives": 20,
      "precision": 0.004606968039159228,
      "recall": 0.6153846153846154,
      "f1": 0.009145470134324091,
      "fpr": 0.05009564108509158,
      "mean_error": 0.21165941655635834,
      "max_error": 8.060408592224121
    },
    "gps_sudden_jump": {
      "samples": 138068,
      "attack_samples": 34,
      "normal_samples": 138034,
      "true_positives": 8,
      "false_positives": 6912,
      "true_negatives": 131122,
      "false_negatives": 26,
      "precision": 0.0011560693641618498,
      "recall": 0.23529411764705882,
      "f1": 0.002300834052343975,
      "fpr": 0.05007461929669502,
      "mean_error": 0.21147380769252777,
      "max_error": 8.060408592224121
    },
    "gps_oscillating": {
      "samples": 138068,
      "attack_samples": 43,
      "normal_samples": 138025,
      "true_positives": 43,
      "false_positives": 6909,
      "true_negatives": 131116,
      "false_negatives": 0,
      "precision": 0.006185270425776755,
      "recall": 1.0,
      "f1": 0.012294496068620443,
      "fpr": 0.05005614924832458,
      "mean_error": 0.21182480454444885,
      "max_error": 8.060408592224121
    },
    "gps_meaconing": {
      "samples": 138068,
      "attack_samples": 52,
      "normal_samples": 138016,
      "true_positives": 0,
      "false_positives": 6904,
      "true_negatives": 131112,
      "false_negatives": 52,
      "precision": 0.0,
      "recall": 0.0,
      "f1": 0.0,
      "fpr": 0.05002318571759796,
      "mean_error": 0.21137523651123047,
      "max_error": 8.060408592224121
    },
    "gps_jamming": {
      "samples": 138068,
      "attack_samples": 26,
      "normal_samples": 138042,
      "true_positives": 0,
      "false_positives": 6904,
      "true_negatives": 131138,
      "false_negatives": 26,
      "precision": 0.0,
      "recall": 0.0,
      "f1": 0.0,
      "fpr": 0.05001376392692079,
      "mean_error": 0.21137478947639465,
      "max_error": 8.060408592224121
    },
    "gps_freeze": {
      "samples": 138068,
      "attack_samples": 34,
      "normal_samples": 138034,
      "true_positives": 0,
      "false_positives": 6904,
      "true_negatives": 131130,
      "false_negatives": 34,
      "precision": 0.0,
      "recall": 0.0,
      "f1": 0.0,
      "fpr": 0.05001666256139792,
      "mean_error": 0.21137483417987823,
      "max_error": 8.060408592224121
    },
    "gps_multipath": {
      "samples": 138068,
      "attack_samples": 52,
      "normal_samples": 138016,
      "true_positives": 51,
      "false_positives": 6908,
      "true_negatives": 131108,
      "false_negatives": 1,
      "precision": 0.00732863917229487,
      "recall": 0.9807692307692307,
      "f1": 0.014548566538296961,
      "fpr": 0.05005216786459541,
      "mean_error": 0.21210774779319763,
      "max_error": 8.060408592224121
    },
    "imu_constant_bias": {
      "samples": 138068,
      "attack_samples": 34,
      "normal_samples": 138034,
      "true_positives": 34,
      "false_positives": 6918,
      "true_negatives": 131116,
      "false_negatives": 0,
      "precision": 0.004890678941311853,
      "recall": 1.0,
      "f1": 0.009733753220727169,
      "fpr": 0.05011808684816784,
      "mean_error": 0.2129315584897995,
      "max_error": 11.28624153137207
    },
    "imu_gradual_drift": {
      "samples": 138068,
      "attack_samples": 69,
      "normal_samples": 137999,
      "true_positives": 63,
      "false_positives": 6907,
      "true_negatives": 131092,
      "false_negatives": 6,
      "precision": 0.009038737446197992,
      "recall": 0.9130434782608695,
      "f1": 0.01790026992470521,
      "fpr": 0.050051087326719756,
      "mean_error": 0.21667176485061646,
      "max_error": 35.49635314941406
    },
    "imu_sinusoidal": {
      "samples": 138068,
      "attack_samples": 34,
      "normal_samples": 138034,
      "true_positives": 32,
      "false_positives": 6909,
      "true_negatives": 131125,
      "false_negatives": 2,
      "precision": 0.004610286702204294,
      "recall": 0.9411764705882353,
      "f1": 0.00917562724014337,
      "fpr": 0.0500528855209586,
      "mean_error": 0.21161173284053802,
      "max_error": 8.060408592224121
    },
    "imu_noise_injection": {
      "samples": 138068,
      "attack_samples": 43,
      "normal_samples": 138025,
      "true_positives": 43,
      "false_positives": 6911,
      "true_negatives": 131114,
      "false_negatives": 0,
      "precision": 0.006183491515674432,
      "recall": 1.0,
      "f1": 0.012290981849364013,
      "fpr": 0.05007063937692447,
      "mean_error": 0.21212522685527802,
      "max_error": 8.060408592224121
    },
    "imu_scale_factor": {
      "samples": 138068,
      "attack_samples": 52,
      "normal_samples": 138016,
      "true_positives": 0,
      "false_positives": 6904,
      "true_negatives": 131112,
      "false_negatives": 52,
      "precision": 0.0,
      "recall": 0.0,
      "f1": 0.0,
      "fpr": 0.05002318571759796,
      "mean_error": 0.2113763391971588,
      "max_error": 8.060408592224121
    },
    "gyro_saturation": {
      "samples": 138068,
      "attack_samples": 26,
      "normal_samples": 138042,
      "true_positives": 26,
      "false_positives": 6918,
      "true_negatives": 131124,
      "false_negatives": 0,
      "precision": 0.0037442396313364054,
      "recall": 1.0,
      "f1": 0.007460545193687231,
      "fpr": 0.05011518233581084,
      "mean_error": 0.2153444141149521,
      "max_error": 26.884174346923828
    },
    "accel_saturation": {
      "samples": 138068,
      "attack_samples": 17,
      "normal_samples": 138051,
      "true_positives": 17,
      "false_positives": 6921,
      "true_negatives": 131130,
      "false_negatives": 0,
      "precision": 0.002450273854136639,
      "recall": 1.0,
      "f1": 0.004888569374550684,
      "fpr": 0.05013364626116435,
      "mean_error": 0.28353407979011536,
      "max_error": 1103.5770263671875
    },
    "magnetometer_spoofing": {
      "samples": 138068,
      "attack_samples": 43,
      "normal_samples": 138025,
      "true_positives": 0,
      "false_positives": 6904,
      "true_negatives": 131121,
      "false_negatives": 43,
      "precision": 0.0,
      "recall": 0.0,
      "f1": 0.0,
      "fpr": 0.050019923926824854,
      "mean_error": 0.2113787680864334,
      "max_error": 8.060408592224121
    },
    "barometer_spoofing": {
      "samples": 138068,
      "attack_samples": 52,
      "normal_samples": 138016,
      "true_positives": 48,
      "false_positives": 6918,
      "true_negatives": 131098,
      "false_negatives": 4,
      "precision": 0.0068906115417743325,
      "recall": 0.9230769230769231,
      "f1": 0.013679110857794243,
      "fpr": 0.050124623232089036,
      "mean_error": 0.2119806557893753,
      "max_error": 8.060408592224121
    },
    "actuator_stuck": {
      "samples": 138068,
      "attack_samples": 34,
      "normal_samples": 138034,
      "true_positives": 0,
      "false_positives": 6904,
      "true_negatives": 131130,
      "false_negatives": 34,
      "precision": 0.0,
      "recall": 0.0,
      "f1": 0.0,
      "fpr": 0.05001666256139792,
      "mean_error": 0.21138380467891693,