{
  "baseline": {
    "small_test": {
      "data_loss": 0.0009872604859992862,
      "physics_loss": 0.0027290168218314648,
      "parameter_errors": {
        "mass": 0.9862813949584961,
        "Jxx": 4372.87939453125,
        "Jyy": 267.88751220703125,
        "Jzz": 3300.41455078125,
        "kt": 6.324872970581055,
        "kq": 304.2148742675781
      }
    },
    "aggressive_test": {
      "data_loss": 0.14230674505233765,
      "physics_loss": 3.7607173919677734,
      "parameter_errors": {
        "mass": 23.07607650756836,
        "Jxx": 9052.73046875,
        "Jyy": 23882.5234375,
        "Jzz": 19788.169921875,
        "kt": 195.9818115234375,
        "kq": 6756.15771484375
      }
    }
  },
  "improved": {
    "small_test": {
      "data_loss": 3.3975862606894225e-05,
      "physics_loss": 8.370901923626661e-05,
      "parameter_errors": {
        "mass": 8.244707107543945,
        "Jxx": 1757.1068115234375,
        "Jyy": 1659.9698486328125,
        "Jzz": 698.5546875,
        "kt": 10.56094741821289,
        "kq": 465.5013122558594
      }
    },
    "aggressive_test": {
      "data_loss": 0.13592545688152313,
      "physics_loss": 0.0040489002130925655,
      "parameter_errors": {
        "mass": 8.17321491241455,
        "Jxx": 2271.821044921875,
        "Jyy": 1327.4281005859375,
        "Jzz": 807.8836669921875,
        "kt": 5.775271892547607,
        "kq": 432.4368591308594
      }
    }
  },
  "improvements": {
    "physics_loss_small_pct": 96.93263088132638,
    "physics_loss_aggressive_pct": 99.89233702533085
  }
}