{
  "mean_ms": 1.5757460007444024,
  "std_ms": 0.15756330672149,
  "p50_ms": 1.545200007967651,
  "p95_ms": 1.8622250703629104,
  "p99_ms": 1.9679729500785481,
  "min_ms": 1.1193000245839357,
  "max_ms": 2.1929999347776175
}