{
  "gps_gradual_drift": {
    "recall": 0.9998333055509252,
    "precision": 0.9839238845144357,
    "f1": 0.9918147995039271
  },
  "gps_sudden_jump": {
    "recall": 0.8452113028257064,
    "precision": 0.9591373439273553,
    "f1": 0.8985776950684567
  },
  "gps_oscillating": {
    "recall": 1.0,
    "precision": 0.9784693677823448,
    "f1": 0.9891175306687772
  },
  "gps_meaconing": {
    "recall": 0.9568261376896149,
    "precision": 0.9775204359673024,
    "f1": 0.9670625895038328
  },
  "gps_jamming": {
    "recall": 1.0,
    "precision": 0.9264751312944084,
    "f1": 0.9618345093008339
  },
  "gps_freeze": {
    "recall": 0.9997499374843711,
    "precision": 0.9652341863833896,
    "f1": 0.9821889202800639
  },
  "gps_multipath": {
    "recall": 0.9998333055509252,
    "precision": 0.9839238845144357,
    "f1": 0.9918147995039271
  },
  "imu_constant_bias": {
    "recall": 0.9967491872968242,
    "precision": 0.9556461280268521,
    "f1": 0.975764993880049
  },
  "imu_gradual_drift": {
    "recall": 0.9642455306913364,
    "precision": 0.9880860876249039,
    "f1": 0.9760202467573553
  },
  "imu_sinusoidal": {
    "recall": 0.7579394848712178,
    "precision": 0.9555485498108449,
    "f1": 0.8453493236647608
  },
  "imu_noise_injection": {
    "recall": 0.9563912782556512,
    "precision": 0.9777096114519428,
    "f1": 0.9669329558094854
  },
  "imu_scale_factor": {
    "recall": 0.9738289714952492,
    "precision": 0.9848280512474713,
    "f1": 0.9792976280278266
  },
  "gyro_saturation": {
    "recall": 0.006002000666888963,
    "precision": 0.0759493670886076,
    "f1": 0.011124845488257106
  },
  "accel_saturation": {
    "recall": 1.0,
    "precision": 0.919080459770115,
    "f1": 0.9578342117872545
  },
  "magnetometer_spoofing": {
    "recall": 0.7661532306461293,
    "precision": 0.9733163913595934,
    "f1": 0.8573987015894335
  },
  "barometer_spoofing": {
    "recall": 0.9998333055509252,
    "precision": 0.9765548681211332,
    "f1": 0.9880569969524751
  },
  "actuator_stuck": {
    "recall": 0.6781695423855963,
    "precision": 0.9562764456981664,
    "f1": 0.793562545720556
  },
  "actuator_degraded": {
    "recall": 0.9282410301287661,
    "precision": 0.9911894273127754,
    "f1": 0.9586830213040671
  },
  "control_hijack": {
    "recall": 0.006668889629876626,
    "precision": 0.1388888888888889,
    "f1": 0.012726694241170854
  },
  "thrust_manipulation": {
    "recall": 0.9997499374843711,
    "precision": 0.9652341863833896,
    "f1": 0.9821889202800639
  },
  "coordinated_gps_imu": {
    "recall": 0.9997999599919984,
    "precision": 0.9704854368932039,
    "f1": 0.9849246231155779
  },
  "stealthy_coordinated": {
    "recall": 0.00900112514064258,
    "precision": 0.45569620253164556,
    "f1": 0.017653549098933432
  },
  "replay_attack": {
    "recall": 0.2,
    "precision": 0.07722007722007722,
    "f1": 0.11142061281337047
  },
  "time_delay": {
    "recall": 0.022337056176029338,
    "precision": 0.5037593984962406,
    "f1": 0.04277733439744613
  },
  "sensor_dropout": {
    "recall": 0.02900966988996332,
    "precision": 0.3972602739726027,
    "f1": 0.05407085146053449
  },
  "adaptive_attack": {
    "recall": 0.9746974697469747,
    "precision": 0.9925654343619513,
    "f1": 0.9835503078009891
  },
  "intermittent_attack": {
    "recall": 0.02573070197351986,
    "precision": 0.29014084507042254,
    "f1": 0.04726938962826985
  },
  "slow_ramp": {
    "recall": 0.9999374960935058,
    "precision": 0.9964497041420118,
    "f1": 0.9981905534410682
  },
  "resonance_attack": {
    "recall": 0.030838473078846473,
    "precision": 0.7034220532319392,
    "f1": 0.05908655381667199
  },
  "false_data_injection": {
    "recall": 0.09241848369673934,
    "precision": 0.752442996742671,
    "f1": 0.16461785141635488
  },
  "clean": {
    "recall": 0.0,
    "precision": 0.0,
    "f1": 0.0
  },
  "overall": {
    "recall": 0.6739732271330864,
    "precision": 0.7924145039943706,
    "f1": 0.685030451877393
  }
}