{
  "by_attack": {
    "bias": {
      "1.0m": {
        "auroc": 0.5191995208333333,
        "recall_5pct": 0.0775
      },
      "5.0m": {
        "auroc": 0.556049125,
        "recall_5pct": 0.13175
      },
      "10.0m": {
        "auroc": 0.57093225,
        "recall_5pct": 0.13675
      },
      "25.0m": {
        "auroc": 0.5184169583333333,
        "recall_5pct": 0.10825
      },
      "50.0m": {
        "auroc": 0.5752576250000001,
        "recall_5pct": 0.15725
      }
    },
    "drift": {
      "1.0m": {
        "auroc": 0.5317497708333333,
        "recall_5pct": 0.056
      },
      "5.0m": {
        "auroc": 0.4975501041666667,
        "recall_5pct": 0.05225
      },
      "10.0m": {
        "auroc": 0.5597882291666667,
        "recall_5pct": 0.07625
      },
      "25.0m": {
        "auroc": 0.52099275,
        "recall_5pct": 0.079
      },
      "50.0m": {
        "auroc": 0.5214179375,
        "recall_5pct": 0.102
      }
    },
    "noise": {
      "1.0m": {
        "auroc": 0.9984470625,
        "recall_5pct": 0.99925
      },
      "5.0m": {
        "auroc": 0.9997259583333332,
        "recall_5pct": 1.0
      },
      "10.0m": {
        "auroc": 0.9996098541666667,
        "recall_5pct": 1.0
      },
      "25.0m": {
        "auroc": 0.9998140625,
        "recall_5pct": 1.0
      },
      "50.0m": {
        "auroc": 0.9997672291666667,
        "recall_5pct": 1.0
      }
    },
    "coordinated": {
      "1.0m": {
        "auroc": 0.5130791250000001,
        "recall_5pct": 0.06975
      },
      "5.0m": {
        "auroc": 0.570523875,
        "recall_5pct": 0.103
      },
      "10.0m": {
        "auroc": 0.5574521458333334,
        "recall_5pct": 0.11275
      },
      "25.0m": {
        "auroc": 0.5190038958333334,
        "recall_5pct": 0.11675
      },
      "50.0m": {
        "auroc": 0.517739,
        "recall_5pct": 0.115
      }
    },
    "intermittent": {
      "1.0m": {
        "auroc": 0.4639863142730496,
        "recall_5pct": 0.026041666666666668
      },
      "5.0m": {
        "auroc": 0.9543581638262781,
        "recall_5pct": 0.6166666666666667
      },
      "10.0m": {
        "auroc": 0.9656930661250515,
        "recall_5pct": 0.7067307692307693
      },
      "25.0m": {
        "auroc": 0.9719858022364619,
        "recall_5pct": 0.9083333333333333
      },
      "50.0m": {
        "auroc": 0.9636589123790761,
        "recall_5pct": 0.6811320754716981
      }
    },
    "ramp": {
      "1.0m": {
        "auroc": 0.4940139791666667,
        "recall_5pct": 0.025
      },
      "5.0m": {
        "auroc": 0.5570336875,
        "recall_5pct": 0.09325
      },
      "10.0m": {
        "auroc": 0.5369925,
        "recall_5pct": 0.0975
      },
      "25.0m": {
        "auroc": 0.5598428125,
        "recall_5pct": 0.12
      },
      "50.0m": {
        "auroc": 0.5452245625000001,
        "recall_5pct": 0.10475
      }
    }
  },
  "by_magnitude": {
    "1.0m": 0.5867459621010638,
    "5.0m": 0.6892068189710464,
    "10.0m": 0.698411340881953,
    "25.0m": 0.6816760469005215,
    "50.0m": 0.6871775444242904
  },
  "full_matrix": {
    "bias_1.0m": {
      "auroc": 0.5191995208333333,
      "recall_5pct": 0.0775
    },
    "bias_5.0m": {
      "auroc": 0.556049125,
      "recall_5pct": 0.13175
    },
    "bias_10.0m": {
      "auroc": 0.57093225,
      "recall_5pct": 0.13675
    },
    "bias_25.0m": {
      "auroc": 0.5184169583333333,
      "recall_5pct": 0.10825
    },
    "bias_50.0m": {
      "auroc": 0.5752576250000001,
      "recall_5pct": 0.15725
    },
    "drift_1.0m": {
      "auroc": 0.5317497708333333,
      "recall_5pct": 0.056
    },
    "drift_5.0m": {
      "auroc": 0.4975501041666667,
      "recall_5pct": 0.05225
    },
    "drift_10.0m": {
      "auroc": 0.5597882291666667,
      "recall_5pct": 0.07625
    },
    "drift_25.0m": {
      "auroc": 0.52099275,
      "recall_5pct": 0.079
    },
    "drift_50.0m": {
      "auroc": 0.5214179375,
      "recall_5pct": 0.102
    },
    "noise_1.0m": {
      "auroc": 0.9984470625,
      "recall_5pct": 0.99925
    },
    "noise_5.0m": {
      "auroc": 0.9997259583333332,
      "recall_5pct": 1.0
    },
    "noise_10.0m": {
      "auroc": 0.9996098541666667,
      "recall_5pct": 1.0
    },
    "noise_25.0m": {
      "auroc": 0.9998140625,
      "recall_5pct": 1.0
    },
    "noise_50.0m": {
      "auroc": 0.9997672291666667,
      "recall_5pct": 1.0
    },
    "coordinated_1.0m": {
      "auroc": 0.5130791250000001,
      "recall_5pct": 0.06975
    },
    "coordinated_5.0m": {
      "auroc": 0.570523875,
      "recall_5pct": 0.103
    },
    "coordinated_10.0m": {
      "auroc": 0.5574521458333334,
      "recall_5pct": 0.11275
    },
    "coordinated_25.0m": {
      "auroc": 0.5190038958333334,
      "recall_5pct": 0.11675
    },
    "coordinated_50.0m": {
      "auroc": 0.517739,
      "recall_5pct": 0.115
    },
    "intermittent_1.0m": {
      "auroc": 0.4639863142730496,
      "recall_5pct": 0.026041666666666668
    },
    "intermittent_5.0m": {
      "auroc": 0.9543581638262781,
      "recall_5pct": 0.6166666666666667
    },
    "intermittent_10.0m": {
      "auroc": 0.9656930661250515,
      "recall_5pct": 0.7067307692307693
    },
    "intermittent_25.0m": {
      "auroc": 0.9719858022364619,
      "recall_5pct": 0.9083333333333333
    },
    "intermittent_50.0m": {
      "auroc": 0.9636589123790761,
      "recall_5pct": 0.6811320754716981
    },
    "ramp_1.0m": {
      "auroc": 0.4940139791666667,
      "recall_5pct": 0.025
    },
    "ramp_5.0m": {
      "auroc": 0.5570336875,
      "recall_5pct": 0.09325
    },
    "ramp_10.0m": {
      "auroc": 0.5369925,
      "recall_5pct": 0.0975
    },
    "ramp_25.0m": {
      "auroc": 0.5598428125,
      "recall_5pct": 0.12
    },
    "ramp_50.0m": {
      "auroc": 0.5452245625000001,
      "recall_5pct": 0.10475
    }
  },
  "summary": {
    "overall_mean_auroc": 0.668643542655775,
    "per_attack_mean": {
      "bias": 0.5479710958333334,
      "drift": 0.5262997583333333,
      "noise": 0.9994728333333333,
      "coordinated": 0.5355596083333334,
      "intermittent": 0.8639364517679834,
      "ramp": 0.5386215083333334
    },
    "per_magnitude_mean": {
      "1.0m": 0.5867459621010638,
      "5.0m": 0.6892068189710464,
      "10.0m": 0.698411340881953,
      "25.0m": 0.6816760469005215,
      "50.0m": 0.6871775444242904
    },
    "timestamp": "2026-01-01T10:45:02.259979"
  }
}