{
  "timestamp": "2026-01-02T08:49:07.480515",
  "dataset": "ALFA + Synthetic",
  "n_alfa_flights": 5,
  "n_synthetic_flights": 50,
  "n_train_flights": 38,
  "n_test_flights": 17,
  "gps_noise_std": 1.5,
  "by_attack": {
    "bias": {
      "1.0x": {
        "auroc": 0.5921349133733013,
        "magnitude_m": 1.5
      },
      "2.0x": {
        "auroc": 0.5905144085676239,
        "magnitude_m": 3.0
      },
      "5.0x": {
        "auroc": 0.6041596870282345,
        "magnitude_m": 7.5
      },
      "10.0x": {
        "auroc": 0.6417123943907325,
        "magnitude_m": 15.0
      },
      "20.0x": {
        "auroc": 0.806423397085931,
        "magnitude_m": 30.0
      }
    },
    "drift": {
      "1.0x": {
        "auroc": 0.5967942401224976,
        "magnitude_m": 1.5
      },
      "2.0x": {
        "auroc": 0.627263348276927,
        "magnitude_m": 3.0
      },
      "5.0x": {
        "auroc": 0.7419036194186441,
        "magnitude_m": 7.5
      },
      "10.0x": {
        "auroc": 0.8784503987643207,
        "magnitude_m": 15.0
      },
      "20.0x": {
        "auroc": 0.9119764861612712,
        "magnitude_m": 30.0
      }
    },
    "noise_injection": {
      "1.0x": {
        "auroc": 0.8551360855429946,
        "magnitude_m": 1.5
      },
      "2.0x": {
        "auroc": 0.9326598340614,
        "magnitude_m": 3.0
      },
      "5.0x": {
        "auroc": 0.9769234381787657,
        "magnitude_m": 7.5
      },
      "10.0x": {
        "auroc": 0.9786946622182648,
        "magnitude_m": 15.0
      },
      "20.0x": {
        "auroc": 0.9820883706185959,
        "magnitude_m": 30.0
      }
    },
    "coordinated": {
      "1.0x": {
        "auroc": 0.5891248973703043,
        "magnitude_m": 1.5
      },
      "2.0x": {
        "auroc": 0.592277987428596,
        "magnitude_m": 3.0
      },
      "5.0x": {
        "auroc": 0.6061930314743809,
        "magnitude_m": 7.5
      },
      "10.0x": {
        "auroc": 0.6519303802739104,
        "magnitude_m": 15.0
      },
      "20.0x": {
        "auroc": 0.7798452752387139,
        "magnitude_m": 30.0
      }
    },
    "intermittent": {
      "1.0x": {
        "auroc": 0.5740427687433591,
        "magnitude_m": 1.5
      },
      "2.0x": {
        "auroc": 0.6070206630451728,
        "magnitude_m": 3.0
      },
      "5.0x": {
        "auroc": 0.7475481031585819,
        "magnitude_m": 7.5
      },
      "10.0x": {
        "auroc": 0.8013053330849941,
        "magnitude_m": 15.0
      },
      "20.0x": {
        "auroc": 0.8209253563390848,
        "magnitude_m": 30.0
      }
    },
    "step": {
      "1.0x": {
        "auroc": 0.5905589826888584,
        "magnitude_m": 1.5
      },
      "2.0x": {
        "auroc": 0.5954543543250823,
        "magnitude_m": 3.0
      },
      "5.0x": {
        "auroc": 0.6088864551737244,
        "magnitude_m": 7.5
      },
      "10.0x": {
        "auroc": 0.6561402114820205,
        "magnitude_m": 15.0
      },
      "20.0x": {
        "auroc": 0.8317024529282263,
        "magnitude_m": 30.0
      }
    }
  },
  "summary": {
    "detectable_count": 6,
    "total_attacks": 6
  }
}