{
  "EKF_auroc": {
    "mean": 0.8580252934875603,
    "lower_95": 0.8505158192598924,
    "upper_95": 0.8652387909993464,
    "ci_width": 0.007361485869727014
  },
  "ML_auroc": {
    "mean": 0.9250766878592258,
    "lower_95": 0.9199784522675813,
    "upper_95": 0.9302994185368074,
    "ci_width": 0.005160483134613036
  },
  "Hybrid_auroc": {
    "mean": 0.959183513235584,
    "lower_95": 0.9555657647362024,
    "upper_95": 0.962767562722647,
    "ci_width": 0.0036008989932223012
  },
  "EKF_recall_5pct": {
    "mean": 0.44320192846688033,
    "lower_95": 0.4115737394495604,
    "upper_95": 0.4677318517193363,
    "ci_width": 0.028079056134887953
  },
  "ML_recall_5pct": {
    "mean": 0.6420921619114093,
    "lower_95": 0.6100044238373246,
    "upper_95": 0.6755354301185522,
    "ci_width": 0.03276550314061383
  },
  "Hybrid_recall_5pct": {
    "mean": 0.7953485189063421,
    "lower_95": 0.7702546287862923,
    "upper_95": 0.8158184018002962,
    "ci_width": 0.02278188650700197
  },
  "hybrid_vs_ml_auroc": {
    "mean": 0.034106825376358244,
    "lower_95": 0.031483755483935214,
    "upper_95": 0.03667957986627973,
    "excludes_zero": true
  },
  "hybrid_vs_ml_recall": {
    "mean": 0.15325635699493295,
    "lower_95": 0.12812559979590546,
    "upper_95": 0.1769028251389962,
    "excludes_zero": true
  },
  "targets": {
    "CI width <= 0.07": true,
    "Hybrid gain CI excludes zero (AUROC)": true,
    "Hybrid gain CI excludes zero (Recall)": true
  }
}