{
  "timestamp": "2026-01-01T16:58:50.798946",
  "n_train_sequences": 3,
  "n_test_sequences": 2,
  "ici_threshold": 0.4142095446586609,
  "by_magnitude": {
    "25m": {
      "error_reduction_pct": 67.59814538316226,
      "stability_pct": 100.0,
      "quiescence_pct": 50.03999999999999,
      "latency_mean_ms": 0.2958564960863441,
      "latency_p99_ms": 0.42170895147137344,
      "realtime_pct": 100.0
    },
    "50m": {
      "error_reduction_pct": 83.79441724816107,
      "stability_pct": 100.0,
      "quiescence_pct": 50.03999999999999,
      "latency_mean_ms": 0.2879690012196079,
      "latency_p99_ms": 0.4238100815564393,
      "realtime_pct": 100.0
    },
    "100m": {
      "error_reduction_pct": 91.8902770032347,
      "stability_pct": 100.0,
      "quiescence_pct": 50.03999999999999,
      "latency_mean_ms": 0.31113200238905847,
      "latency_p99_ms": 0.5371620145160704,
      "realtime_pct": 100.0
    },
    "200m": {
      "error_reduction_pct": 95.94392851707457,
      "stability_pct": 100.0,
      "quiescence_pct": 50.03999999999999,
      "latency_mean_ms": 0.28475399943999946,
      "latency_p99_ms": 0.3864170319866389,
      "realtime_pct": 100.0
    }
  },
  "summary": {
    "error_reduction_100m": 91.8902770032347,
    "stability": 100.0,
    "quiescence": 50.03999999999999,
    "realtime_feasibility": 100.0,
    "mode_switch_required": 0.0,
    "oscillation_risk": 0.0
  }
}