{
  "timestamp": "2026-01-01T16:55:24.323326",
  "method": "LOSO-CV",
  "n_folds": 5,
  "gps_noise_std": 1.5,
  "by_attack": {
    "bias": {
      "1.0x": {
        "auroc_mean": 0.6261238412928821,
        "auroc_std": 0.08752945919386824,
        "auroc_values": [
          0.6881088761005818,
          0.7113129747848743,
          0.6553852719205091,
          0.46446658880215164,
          0.6113454948562939
        ]
      },
      "2.0x": {
        "auroc_mean": 0.8214607335857169,
        "auroc_std": 0.05978661356662464,
        "auroc_values": [
          0.8754973136586915,
          0.8730915428217678,
          0.857973061077921,
          0.7298061314870263,
          0.7709356188831773
        ]
      },
      "5.0x": {
        "auroc_mean": 0.9754532839139503,
        "auroc_std": 0.014600739842791793,
        "auroc_values": [
          0.9826632426930063,
          0.9738523591621498,
          0.9839919068162059,
          0.9888535289906677,
          0.947905381907721
        ]
      },
      "10.0x": {
        "auroc_mean": 0.9944581913509918,
        "auroc_std": 0.00289719418173824,
        "auroc_values": [
          0.9947830136325411,
          0.9944456660514996,
          0.9895661767830982,
          0.9986773364264869,
          0.9948187638613326
        ]
      },
      "20.0x": {
        "auroc_mean": 0.9977892713279235,
        "auroc_std": 0.0013823072617034722,
        "auroc_values": [
          0.9989560653947821,
          0.9984382445974391,
          0.9951475303096845,
          0.9986773267222119,
          0.9977271896155001
        ]
      }
    },
    "drift": {
      "1.0x": {
        "auroc_mean": 0.9931211266402737,
        "auroc_std": 0.0029185855400198895,
        "auroc_values": [
          0.9929458166231878,
          0.9924161501634372,
          0.9902604755005691,
          0.9986578162772676,
          0.9913253746369075
        ]
      },
      "2.0x": {
        "auroc_mean": 0.9971760916892045,
        "auroc_std": 0.0010042494846717587,
        "auroc_values": [
          0.9975379478443099,
          0.9967746550110235,
          0.9955690512627096,
          0.9986366755141188,
          0.9973621288138607
        ]
      },
      "5.0x": {
        "auroc_mean": 0.998676566916765,
        "auroc_std": 0.0004385878626862585,
        "auroc_values": [
          0.9991645851610191,
          0.9986831144125152,
          0.9984759012962335,
          0.9990953626297374,
          0.9979638710843192
        ]
      },
      "10.0x": {
        "auroc_mean": 0.9990554587836155,
        "auroc_std": 0.0006229814678921903,
        "auroc_values": [
          0.9997461545800623,
          0.9997742324316201,
          0.9988422051786314,
          0.9987622197201582,
          0.998152482007605
        ]
      },
      "20.0x": {
        "auroc_mean": 0.9989948116791151,
        "auroc_std": 0.0007434368437127896,
        "auroc_values": [
          0.9998343730863412,
          0.9987037907270261,
          0.9994839005144399,
          0.9992494277000844,
          0.9977025663676837
        ]
      }
    },
    "noise_injection": {
      "1.0x": {
        "auroc_mean": 0.999754520222135,
        "auroc_std": 0.00020153709472592313,
        "auroc_values": [
          0.9999057886432552,
          0.9998110184853721,
          0.9993842276014229,
          0.9999512990957712,
          0.9997202672848531
        ]
      },
      "2.0x": {
        "auroc_mean": 0.999891066747808,
        "auroc_std": 9.427546210625258e-05,
        "auroc_values": [
          0.9999990208353248,
          0.999882002718673,
          0.9998741959798341,
          0.9997295272985526,
          0.9999705869066561
        ]
      },
      "5.0x": {
        "auroc_mean": 0.9995434502632732,
        "auroc_std": 0.00032528447370385697,
        "auroc_values": [
          0.9993294656127188,
          0.9999893505863972,
          0.9994712888869356,
          0.9998285836859027,
          0.9990985625444118
        ]
      },
      "10.0x": {
        "auroc_mean": 0.9997710956827884,
        "auroc_std": 0.00017209748106564244,
        "auroc_values": [
          0.9999368831659198,
          0.9996856355355715,
          0.9999969931011912,
          0.999530283975812,
          0.9997056826354476
        ]
      },
      "20.0x": {
        "auroc_mean": 0.999772809004237,
        "auroc_std": 0.00013443981384848484,
        "auroc_values": [
          0.9999145134840495,
          0.9997738856031186,
          0.9998868191723337,
          0.9995341414251357,
          0.9997546853365477
        ]
      }
    },
    "coordinated": {
      "1.0x": {
        "auroc_mean": 0.6266847189761455,
        "auroc_std": 0.08747619855076894,
        "auroc_values": [
          0.6887126912948542,
          0.7119244467725234,
          0.6557470828021869,
          0.46518354549336965,
          0.6118558285177939
        ]
      },
      "2.0x": {
        "auroc_mean": 0.822425133629122,
        "auroc_std": 0.05924878115213505,
        "auroc_values": [
          0.8762694001156683,
          0.873458451804169,
          0.8585331769360454,
          0.7318547039454711,
          0.7720099353442559
        ]
      },
      "5.0x": {
        "auroc_mean": 0.9756966355764474,
        "auroc_std": 0.01446503978619057,
        "auroc_values": [
          0.9828846094624359,
          0.9740711323557502,
          0.984004599398678,
          0.989091948471697,
          0.9484308881936762
        ]
      },
      "10.0x": {
        "auroc_mean": 0.9944747120046182,
        "auroc_std": 0.002885478524328757,
        "auroc_values": [
          0.9947829803892959,
          0.9944488319732053,
          0.9896040116656108,
          0.9986772976093868,
          0.9948604383855927
        ]
      },
      "20.0x": {
        "auroc_mean": 0.9977959807050281,
        "auroc_std": 0.001381103833282972,
        "auroc_values": [
          0.9989560170409709,
          0.998462700453312,
          0.9951567418285356,
          0.9986772976093868,
          0.9977271465929355
        ]
      }
    },
    "intermittent": {
      "1.0x": {
        "auroc_mean": 0.844365866488857,
        "auroc_std": 0.0026982353172328223,
        "auroc_values": [
          0.8440133302206589,
          0.8458052424687122,
          0.8484198643033654,
          0.8402859311493867,
          0.8433049643021613
        ]
      },
      "2.0x": {
        "auroc_mean": 0.8411802935273821,
        "auroc_std": 0.002232713770993328,
        "auroc_values": [
          0.8402272492623826,
          0.8381705159377442,
          0.8436472267054105,
          0.8399593043174785,
          0.843897171413895
        ]
      },
      "5.0x": {
        "auroc_mean": 0.844483566501645,
        "auroc_std": 0.0011581240880055444,
        "auroc_values": [
          0.844211699016724,
          0.8459580413080838,
          0.8455145914132852,
          0.8440378317091213,
          0.8426956690610113
        ]
      },
      "10.0x": {
        "auroc_mean": 0.8418311143565596,
        "auroc_std": 0.0011613184973662848,
        "auroc_values": [
          0.8408528582423495,
          0.8419254830007252,
          0.8436553127083546,
          0.8403590555042286,
          0.8423628623271403
        ]
      },
      "20.0x": {
        "auroc_mean": 0.840266503090303,
        "auroc_std": 0.0006287853811691902,
        "auroc_values": [
          0.8412382186237193,
          0.8405095139120607,
          0.840149531226972,
          0.8401403284948908,
          0.8392949231938724
        ]
      }
    },
    "step": {
      "1.0x": {
        "auroc_mean": 0.6261238412928821,
        "auroc_std": 0.08752945919386824,
        "auroc_values": [
          0.6881088761005818,
          0.7113129747848743,
          0.6553852719205091,
          0.46446658880215164,
          0.6113454948562939
        ]
      },
      "2.0x": {
        "auroc_mean": 0.8214607335857169,