{
  "ekf": {
    "auroc": 0.6673008008008008,
    "recall_1pct": 0.35175,
    "recall_5pct": 0.39425,
    "worst_recall": 0.026
  },
  "ml": {
    "auroc": 0.9722515015015016,
    "recall_1pct": 0.804,
    "recall_5pct": 0.88075,
    "worst_recall": 0.666
  },
  "hybrid": {
    "auroc": 0.9802833333333334,
    "recall_1pct_fpr": 0.836,
    "recall_5pct_fpr": 0.90525,
    "best_f1": 0.9231733299412274,
    "n_normal": 4995,
    "n_attack": 4000,
    "weights": {
      "w_ekf": 0.1,
      "w_ml": 0.9
    }
  },
  "per_attack": {
    "consistent_10.0": {
      "ekf_recall": 0.026,
      "ml_recall": 0.68,
      "hybrid_recall": 0.676,
      "n_samples": 500
    },
    "consistent_50.0": {
      "ekf_recall": 0.248,
      "ml_recall": 1.0,
      "hybrid_recall": 1.0,
      "n_samples": 500
    },
    "drift_10.0": {
      "ekf_recall": 0.03,
      "ml_recall": 0.736,
      "hybrid_recall": 0.732,
      "n_samples": 500
    },
    "drift_50.0": {
      "ekf_recall": 0.372,
      "ml_recall": 0.966,
      "hybrid_recall": 0.968,
      "n_samples": 500
    },
    "jump_25.0": {
      "ekf_recall": 0.546,
      "ml_recall": 1.0,
      "hybrid_recall": 1.0,
      "n_samples": 500
    },
    "offset_10.0": {
      "ekf_recall": 0.426,
      "ml_recall": 1.0,
      "hybrid_recall": 1.0,
      "n_samples": 500
    },
    "offset_50.0": {
      "ekf_recall": 0.58,
      "ml_recall": 1.0,
      "hybrid_recall": 1.0,
      "n_samples": 500
    },
    "oscillation_10.0": {
      "ekf_recall": 0.926,
      "ml_recall": 0.666,
      "hybrid_recall": 0.868,
      "n_samples": 500
    }
  },
  "latency": {
    "ekf_p95_ms": 0.09251000592485065,
    "ml_p95_ms": 0.42122994782403095,
    "total_p95_ms": 0.5281399469822637,
    "total_mean_ms": 0.4237243648986219
  },
  "targets": {
    "Hybrid AUROC >= max(EKF, ML)": true,
    "Hybrid worst-case > ML worst-case": true,
    "Total P95 latency < 5ms": true
  },
  "grid_search": [
    {
      "w_ekf": 0.1,
      "w_ml": 0.9,
      "auroc": 0.9802833333333334,
      "recall_at_fpr": 0.90525,
      "worst_recall": 0.676,
      "mean_recall": 0.9055
    },
    {
      "w_ekf": 0.2,
      "w_ml": 0.8,
      "auroc": 0.9803928428428429,
      "recall_at_fpr": 0.90675,
      "worst_recall": 0.654,
      "mean_recall": 0.907
    },
    {
      "w_ekf": 0.30000000000000004,
      "w_ml": 0.7,
      "auroc": 0.9787492492492491,
      "recall_at_fpr": 0.903,
      "worst_recall": 0.606,
      "mean_recall": 0.903
    },
    {
      "w_ekf": 0.4,
      "w_ml": 0.6,
      "auroc": 0.9751965965965965,
      "recall_at_fpr": 0.8895,
      "worst_recall": 0.504,
      "mean_recall": 0.8895
    },
    {
      "w_ekf": 0.5,
      "w_ml": 0.5,
      "auroc": 0.968881931931932,
      "recall_at_fpr": 0.8745,
      "worst_recall": 0.406,
      "mean_recall": 0.8745
    },
    {
      "w_ekf": 0.6,
      "w_ml": 0.4,
      "auroc": 0.958518168168168,
      "recall_at_fpr": 0.844,
      "worst_recall": 0.244,
      "mean_recall": 0.8440000000000001
    },
    {
      "w_ekf": 0.7000000000000001,
      "w_ml": 0.29999999999999993,
      "auroc": 0.9425747747747748,
      "recall_at_fpr": 0.81025,
      "worst_recall": 0.128,
      "mean_recall": 0.81025
    },
    {
      "w_ekf": 0.8,
      "w_ml": 0.19999999999999996,
      "auroc": 0.9189782782782783,
      "recall_at_fpr": 0.77,
      "worst_recall": 0.078,
      "mean_recall": 0.77
    },
    {
      "w_ekf": 0.9,
      "w_ml": 0.09999999999999998,
      "auroc": 0.8800576576576575,
      "recall_at_fpr": 0.699,
      "worst_recall": 0.046,
      "mean_recall": 0.699
    }
  ]
}