{
  "mean_ms": 3.125770993065089,
  "std_ms": 5.211964855791743,
  "p50_ms": 2.2522000363096595,
  "p95_ms": 3.918595012510189,
  "p99_ms": 12.274349986110094,
  "min_ms": 1.4657999854534864,
  "max_ms": 53.07719996199012
}