{
  "automatic_recovery_pct": 100.0,
  "error_reduction_pct": 74.04915920465888,
  "nominal_stability_pct": 100.0,
  "realtime_suitability_pct": 99.0,
  "oscillation_risk_pct": 0.0,
  "mode_switch_required_pct": 0.0,
  "estimator_continuity_pct": 17.762820466247064,
  "latency_mean_ms": 0.4511790000833571,
  "latency_p99_ms": 0.6750830402598083
}