{
  "Unknown_Fault": {
    "accuracy": 0.0,
    "precision": 0.0,
    "recall": 0.0,
    "f1": 0.0,
    "fpr": 0.0,
    "tpr": 0.0,
    "n_flights": 1
  },
  "Engine_Failure": {
    "accuracy": 0.0018405784369869807,
    "precision": 0.17391304347826086,
    "recall": 0.0018405784369869807,
    "f1": 0.003638798514574912,
    "fpr": 0.0,
    "tpr": 0.0018405784369869807,
    "n_flights": 23
  },
  "Normal": {
    "accuracy": 1.0,
    "precision": 0.0,
    "recall": 0.0,
    "f1": 0.0,
    "fpr": 0.0,
    "tpr": 0.0,
    "n_flights": 10
  },
  "Elevator_Stuck": {
    "accuracy": 0.0,
    "precision": 0.0,
    "recall": 0.0,
    "f1": 0.0,
    "fpr": 0.0,
    "tpr": 0.0,
    "n_flights": 2
  },
  "Aileron_Stuck": {
    "accuracy": 0.0011160714285714285,
    "precision": 0.125,
    "recall": 0.0011160714285714285,
    "f1": 0.0022123893805309734,
    "fpr": 0.0,
    "tpr": 0.0011160714285714285,
    "n_flights": 8
  },
  "Rudder_Stuck": {
    "accuracy": 0.19923885165880698,
    "precision": 1.0,
    "recall": 0.19923885165880698,
    "f1": 0.32920808272051044,
    "fpr": 0.0,
    "tpr": 0.19923885165880698,
    "n_flights": 3
  }
}