{
  "gps_gradual_drift": {
    "precision": 0.9390183440753594,
    "recall": 0.3189089072234383,
    "f1": 0.4761186525892408,
    "fpr": 0.005485072130928225,
    "tp": 3788,
    "fp": 246,
    "tn": 44603,
    "fn": 8090
  },
  "gps_sudden_jump": {
    "precision": 0.1678082191780822,
    "recall": 0.006188431422076282,
    "f1": 0.011936662606577346,
    "fpr": 0.004978590014136737,
    "tp": 49,
    "fp": 243,
    "tn": 48566,
    "fn": 7869
  },
  "gps_oscillating": {
    "precision": 0.9747882607839276,
    "recall": 1.0,
    "f1": 0.9872331936963894,
    "fpr": 0.005466697986290546,
    "tp": 9898,
    "fp": 256,
    "tn": 46573,
    "fn": 0
  },
  "gps_meaconing": {
    "precision": 0.4916467780429594,
    "recall": 0.017342987034854353,
    "f1": 0.03350410669268927,
    "fpr": 0.004749269771901269,
    "tp": 206,
    "fp": 213,
    "tn": 44636,
    "fn": 11672
  },
  "gps_jamming": {
    "precision": 0.9302612124199113,
    "recall": 0.6357359380262715,
    "f1": 0.7553021208483394,
    "fpr": 0.005572072692905944,
    "tp": 3775,
    "fp": 283,
    "tn": 50506,
    "fn": 2163
  },
  "gps_freeze": {
    "precision": 0.9686087068854153,
    "recall": 0.9469563020964891,
    "f1": 0.9576601315537391,
    "fpr": 0.004978590014136737,
    "tp": 7498,
    "fp": 243,
    "tn": 48566,
    "fn": 420
  },
  "gps_multipath": {
    "precision": 0.9796996203994058,
    "recall": 0.9994948644552955,
    "f1": 0.9894982497082846,
    "fpr": 0.005485072130928225,
    "tp": 11872,
    "fp": 246,
    "tn": 44603,
    "fn": 6
  },
  "imu_constant_bias": {
    "precision": 0.9664053751399776,
    "recall": 0.9809295276584996,
    "f1": 0.9736132873707302,
    "fpr": 0.0055317666823741524,
    "tp": 7767,
    "fp": 270,
    "tn": 48539,
    "fn": 151
  },
  "imu_gradual_drift": {
    "precision": 0.9835835554931949,
    "recall": 0.8852127793913372,
    "f1": 0.9318091187026452,
    "fpr": 0.005722810535840935,
    "tp": 14020,
    "fp": 234,
    "tn": 40655,
    "fn": 1818
  },
  "imu_sinusoidal": {
    "precision": 0.08098591549295775,
    "recall": 0.002904773932811316,
    "f1": 0.005608388198000487,
    "fpr": 0.005347374459628347,
    "tp": 23,
    "fp": 261,
    "tn": 48548,
    "fn": 7895
  },
  "imu_noise_injection": {
    "precision": 0.9613923088615292,
    "recall": 0.6390179834309961,
    "f1": 0.7677368452995083,
    "fpr": 0.0054239894082726515,
    "tp": 6325,
    "fp": 254,
    "tn": 46575,
    "fn": 3573
  },
  "imu_scale_factor": {
    "precision": 0.4231678486997636,
    "recall": 0.015069877083684123,
    "f1": 0.029103324932932283,
    "fpr": 0.005440478048562956,
    "tp": 179,
    "fp": 244,
    "tn": 44605,
    "fn": 11699
  },
  "gyro_saturation": {
    "precision": 0.9548158867985207,
    "recall": 1.0,
    "f1": 0.9768857448383647,
    "fpr": 0.005532694087302369,
    "tp": 5938,
    "fp": 281,
    "tn": 50508,
    "fn": 0
  },
  "accel_saturation": {
    "precision": 0.934561776517836,
    "recall": 0.9994946942900454,
    "f1": 0.9659382248809668,
    "fpr": 0.0052492940931228565,
    "tp": 3956,
    "fp": 277,
    "tn": 52492,
    "fn": 2
  },
  "magnetometer_spoofing": {
    "precision": 0.10801393728222997,
    "recall": 0.003131945847645989,
    "f1": 0.006087383406971036,
    "fpr": 0.005466697986290546,
    "tp": 31,
    "fp": 256,
    "tn": 46573,
    "fn": 9867
  },
  "barometer_spoofing": {
    "precision": 0.31486880466472306,
    "recall": 0.009092439804680923,
    "f1": 0.017674494722199494,
    "fpr": 0.0052398046779192405,
    "tp": 108,
    "fp": 235,
    "tn": 44614,
    "fn": 11770
  },
  "actuator_stuck": {
    "precision": 0.16319444444444445,
    "recall": 0.005935842384440515,
    "f1": 0.011455032902754084,
    "fpr": 0.00493761396463767,
    "tp": 47,
    "fp": 241,
    "tn": 48568,
    "fn": 7871
  },
  "actuator_degraded": {
    "precision": 0.2604166666666667,
    "recall": 0.0047354463947468116,
    "f1": 0.009301748728761007,
    "fpr": 0.0052092249749321334,
    "tp": 75,
    "fp": 213,
    "tn": 40676,
    "fn": 15763
  },
  "control_hijack": {
    "precision": 0.16319444444444445,
    "recall": 0.00791512293701583,
    "f1": 0.015097976228718278,
    "fpr": 0.004745121975230857,
    "tp": 47,
    "fp": 241,
    "tn": 50548,
    "fn": 5891
  },
  "thrust_manipulation": {
    "precision": 0.9703894827374371,
    "recall": 0.9974741096236424,
    "f1": 0.9837454069876066,
    "fpr": 0.00493761396463767,
    "tp": 7898,
    "fp": 241,
    "tn": 48568,
    "fn": 20
  },
  "coordinated_gps_imu": {
    "precision": 0.9739943112555871,
    "recall": 0.9686805415235401,
    "f1": 0.9713301590517678,
    "fpr": 0.005466697986290546,
    "tp": 9588,
    "fp": 256,
    "tn": 46573,
    "fn": 310
  },
  "stealthy_coordinated": {
    "precision": 0.25862068965517243,
    "recall": 0.0047354463947468116,
    "f1": 0.009300595238095238,
    "fpr": 0.005258137885494877,
    "tp": 75,
    "fp": 215,
    "tn": 40674,
    "fn": 15763
  },
  "replay_attack": {
    "precision": 0.01020408163265306,
    "recall": 0.015151515151515152,
    "f1": 0.012195121951219513,
    "fpr": 0.005147800244122486,
    "tp": 3,
    "fp": 291,
    "tn": 56238,
    "fn": 195
  },
  "time_delay": {
    "precision": 0.25524475524475526,
    "recall": 0.006145815793904698,
    "f1": 0.012002630713581057,
    "fpr": 0.004749269771901269,
    "tp": 73,
    "fp": 213,
    "tn": 44636,
    "fn": 11805
  },
  "sensor_dropout": {
    "precision": 0.09722222222222222,
    "recall": 0.004715392388009431,
    "f1": 0.008994539029874718,
    "fpr": 0.005119218728464825,
    "tp": 28,
    "fp": 260,
    "tn": 50529,
    "fn": 5910
  },
  "adaptive_attack": {
    "precision": 0.34256055363321797,
    "recall": 0.005000505101525407,
    "f1": 0.00985712152138199,
    "fpr": 0.005145007988301876,
    "tp": 99,
    "fp": 190,
    "tn": 36739,
    "fn": 19699
  },
  "intermittent_attack": {
    "precision": 0.16883116883116883,
    "recall": 0.006560686348725713,
    "f1": 0.012630556230264755,
    "fpr": 0.005245794143562632,
    "tp": 52,
    "fp": 256,
    "tn": 48545,
    "fn": 7874
  },
  "slow_ramp": {
    "precision": 0.7739872068230277,
    "recall": 0.011459056758633752,
    "f1": 0.022583755871465456,
    "fpr": 0.004231705856521218,
    "tp": 363,
    "fp": 106,
    "tn": 24943,
    "fn": 31315
  },
  "resonance_attack": {
    "precision": 0.1527777777777778,
    "recall": 0.0037043273278329686,
    "f1": 0.007233273056057867,
    "fpr": 0.005440478048562956,
    "tp": 44,
    "fp": 244,
    "tn": 44605,
    "fn": 11834
  },
  "false_data_injection": {
    "precision": 0.11724137931034483,
    "recall": 0.0034350373812891493,
    "f1": 0.006674519042010207,
    "fpr": 0.005466697986290546,
    "tp": 34,
    "fp": 256,
    "tn": 46573,
    "fn": 9864
  },
  "clean": {
    "precision": 0.0,
    "recall": 0,
    "f1": 0,
    "fpr": 0.005076947485324449,
    "tp": 0,
    "fp": 288,
    "tn": 56439,
    "fn": 0
  },
  "overall": {
    "precision": 0.9281575095921839,
    "recall": 0.29799535190876536,
    "f1": 0.45114541976293715,
    "clean_fpr": 0.005076947485324449
  }
}