{
  "Unknown_Fault": {
    "accuracy": 0.82,
    "precision": 1.0,
    "recall": 0.82,
    "f1": 0.9010989010989011,
    "fpr": 0.0,
    "tpr": 0.82,
    "n_flights": 1
  },
  "Engine_Failure": {
    "accuracy": 0.6227547891839217,
    "precision": 1.0,
    "recall": 0.6227547891839217,
    "f1": 0.7627448630077073,
    "fpr": 0.0,
    "tpr": 0.6227547891839217,
    "n_flights": 23
  },
  "Normal": {
    "accuracy": 0.7315098505978582,
    "precision": 0.0,
    "recall": 0.0,
    "f1": 0.0,
    "fpr": 0.2684901494021418,
    "tpr": 0.0,
    "n_flights": 10
  },
  "Elevator_Stuck": {
    "accuracy": 0.5830361691288843,
    "precision": 1.0,
    "recall": 0.5830361691288843,
    "f1": 0.7164394878149525,
    "fpr": 0.0,
    "tpr": 0.5830361691288843,
    "n_flights": 2
  },
  "Aileron_Stuck": {
    "accuracy": 0.5191737653132076,
    "precision": 1.0,
    "recall": 0.5191737653132076,
    "f1": 0.6766711973769423,
    "fpr": 0.0,
    "tpr": 0.5191737653132076,
    "n_flights": 8
  },
  "Rudder_Stuck": {
    "accuracy": 0.7913195995697858,
    "precision": 1.0,
    "recall": 0.7913195995697858,
    "f1": 0.8821989450286812,
    "fpr": 0.0,
    "tpr": 0.7913195995697858,
    "n_flights": 3
  }
}