{
  "weight_sweep_analysis": {
    "w0_rollout_mean": 1.7359629919658253,
    "w0_rollout_std": 1.0300442019666707,
    "w20_rollout_mean": 2.7159631234471417,
    "w20_rollout_std": 1.5445057369528392,
    "t_statistic": -2.3009886911928352,
    "p_value": 0.02782512929278387,
    "cohens_d": 0.74653931098223,
    "sup_loss_ratio": 15.460217977541298,
    "single_step_ratio": 2.421934350731873
  },
  "architecture_analysis": {
    "baseline_rollout_mean": 2.648745695351857,
    "baseline_rollout_std": 1.5081459958427736,
    "modular_rollout_mean": 1.9601063446379048,
    "modular_rollout_std": 0.9664032569024162,
    "t_statistic": 1.6757981334431198,
    "p_value": 0.10341767475750883,
    "cohens_d": 0.5437007094708443,
    "single_step_variance_ratio": 10.582499752653312,
    "levene_p": 0.033621558872577305
  },
  "correlation_analysis": {
    "overall_r": 0.3191728866956081,
    "overall_p": 0.04470028909546886,
    "w0_r": 0.30156200065813393,
    "w20_r": -0.018054465056764016
  },
  "bimodal_analysis": {
    "high_loss_seed_count": 5,
    "high_loss_seeds": [
      7,
      9,
      11,
      13,
      15
    ]
  },
  "mann_whitney": {
    "u_statistic": 135.0,
    "p_value": 0.04051587462092551
  }
}