{
  "model_type": "PINNResidualEnsemble",
  "window_size": 20,
  "threshold_percentile": 99.0,
  "overall_precision": 0.002305600991464252,
  "overall_recall": 0.2803801765105227,
  "overall_f1": 0.004573592761984917,
  "clean_fpr": 0.04318753762138563,
  "category_results": {
    "GPS": 0.3039566452699148,
    "IMU": 0.4798865956898432,
    "Mag/Baro": 0.23479427549194992,
    "Actuator": 0.4508082497212932,
    "Coordinated": 0.2514324233232221,
    "Temporal": 0.06820512820512821,
    "Stealth": 0.13541424463291624
  },
  "per_attack_results": {
    "gps_gradual_drift": {
      "samples": 137887,
      "attack_samples": 52,
      "normal_samples": 137835,
      "true_positives": 6,
      "false_positives": 5958,
      "true_negatives": 131877,
      "false_negatives": 46,
      "precision": 0.001006036217303823,
      "recall": 0.11538461538461539,
      "f1": 0.0019946808510638296,
      "fpr": 0.04322559582109044,
      "triggered_by": {
        "residual": 871,
        "temporal": 5088,
        "both": 5,
        "none": 131923
      }
    },
    "gps_sudden_jump": {
      "samples": 137887,
      "attack_samples": 34,
      "normal_samples": 137853,
      "true_positives": 0,
      "false_positives": 5952,
      "true_negatives": 131901,
      "false_negatives": 34,
      "precision": 0.0,
      "recall": 0.0,
      "f1": 0.0,
      "fpr": 0.04317642706361124,
      "triggered_by": {
        "residual": 857,
        "temporal": 5090,
        "both": 5,
        "none": 131935
      }
    },
    "gps_oscillating": {
      "samples": 137887,
      "attack_samples": 43,
      "normal_samples": 137844,
      "true_positives": 41,
      "false_positives": 5966,
      "true_negatives": 131878,
      "false_negatives": 2,
      "precision": 0.006825370401198602,
      "recall": 0.9534883720930233,
      "f1": 0.013553719008264464,
      "fpr": 0.043280810191230666,
      "triggered_by": {
        "residual": 914,
        "temporal": 5088,
        "both": 5,
        "none": 131880
      }
    },
    "gps_meaconing": {
      "samples": 137887,
      "attack_samples": 52,
      "normal_samples": 137835,
      "true_positives": 2,
      "false_positives": 5953,
      "true_negatives": 131882,
      "false_negatives": 50,
      "precision": 0.00033585222502099076,
      "recall": 0.038461538461538464,
      "f1": 0.0006658897952388879,
      "fpr": 0.043189320564442996,
      "triggered_by": {
        "residual": 857,
        "temporal": 5093,
        "both": 5,
        "none": 131932
      }
    },
    "gps_jamming": {
      "samples": 137887,
      "attack_samples": 26,
      "normal_samples": 137861,
      "true_positives": 1,
      "false_positives": 5954,
      "true_negatives": 131907,
      "false_negatives": 25,
      "precision": 0.00016792611251049538,
      "recall": 0.038461538461538464,
      "f1": 0.0003343922420999833,
      "fpr": 0.04318842892478656,
      "triggered_by": {
        "residual": 857,
        "temporal": 5093,
        "both": 5,
        "none": 131932
      }
    },
    "gps_freeze": {
      "samples": 137887,
      "attack_samples": 34,
      "normal_samples": 137853,
      "true_positives": 2,
      "false_positives": 5953,
      "true_negatives": 131900,
      "false_negatives": 32,
      "precision": 0.00033585222502099076,
      "recall": 0.058823529411764705,
      "f1": 0.0006678911337451996,
      "fpr": 0.04318368116762058,
      "triggered_by": {
        "residual": 857,
        "temporal": 5093,
        "both": 5,
        "none": 131932
      }
    },
    "gps_multipath": {
      "samples": 137887,
      "attack_samples": 52,
      "normal_samples": 137835,
      "true_positives": 48,
      "false_positives": 5964,
      "true_negatives": 131871,
      "false_negatives": 4,
      "precision": 0.007984031936127744,
      "recall": 0.9230769230769231,
      "f1": 0.0158311345646438,
      "fpr": 0.043269126129067366,
      "triggered_by": {
        "residual": 920,
        "temporal": 5087,
        "both": 5,
        "none": 131875
      }
    },
    "imu_constant_bias": {
      "samples": 137887,
      "attack_samples": 34,
      "normal_samples": 137853,
      "true_positives": 18,
      "false_positives": 5968,
      "true_negatives": 131885,
      "false_negatives": 16,
      "precision": 0.003007016371533578,
      "recall": 0.5294117647058824,
      "f1": 0.005980066445182724,
      "fpr": 0.04329249272776073,
      "triggered_by": {
        "residual": 892,
        "temporal": 5089,
        "both": 5,
        "none": 131901
      }
    },
    "imu_gradual_drift": {
      "samples": 137887,
      "attack_samples": 69,
      "normal_samples": 137818,
      "true_positives": 38,
      "false_positives": 5968,
      "true_negatives": 131850,
      "false_negatives": 31,
      "precision": 0.006327006327006327,
      "recall": 0.5507246376811594,
      "f1": 0.01251028806584362,
      "fpr": 0.043303487207766764,
      "triggered_by": {
        "residual": 913,
        "temporal": 5088,
        "both": 5,
        "none": 131881
      }
    },
    "imu_sinusoidal": {
      "samples": 137887,
      "attack_samples": 34,
      "normal_samples": 137853,
      "true_positives": 0,
      "false_positives": 5952,
      "true_negatives": 131901,
      "false_negatives": 34,
      "precision": 0.0,
      "recall": 0.0,
      "f1": 0.0,
      "fpr": 0.04317642706361124,
      "triggered_by": {
        "residual": 857,
        "temporal": 5090,
        "both": 5,
        "none": 131935
      }
    },
    "imu_noise_injection": {
      "samples": 137887,
      "attack_samples": 43,
      "normal_samples": 137844,
      "true_positives": 12,
      "false_positives": 5950,
      "true_negatives": 131894,
      "false_negatives": 31,
      "precision": 0.0020127474002012745,
      "recall": 0.27906976744186046,
      "f1": 0.003996669442131556,
      "fpr": 0.04316473694901483,
      "triggered_by": {
        "residual": 869,
        "temporal": 5088,
        "both": 5,
        "none": 131925
      }
    },
    "imu_scale_factor": {
      "samples": 137887,
      "attack_samples": 52,
      "normal_samples": 137835,
      "true_positives": 4,
      "false_positives": 5951,
      "true_negatives": 131884,
      "false_negatives": 48,
      "precision": 0.0006717044500419815,
      "recall": 0.07692307692307693,
      "f1": 0.0013317795904777758,
      "fpr": 0.043174810461784015,
      "triggered_by": {
        "residual": 857,
        "temporal": 5093,
        "both": 5,
        "none": 131932
      }
    },
    "gyro_saturation": {
      "samples": 137887,
      "attack_samples": 26,
      "normal_samples": 137861,
      "true_positives": 24,
      "false_positives": 5968,
      "true_negatives": 131893,
      "false_negatives": 2,
      "precision": 0.004005340453938585,
      "recall": 0.9230769230769231,
      "f1": 0.007976071784646061,
      "fpr": 0.043289980487592576,
      "triggered_by": {
        "residual": 897,
        "temporal": 5090,
        "both": 5,
        "none": 131895
      }
    },
    "accel_saturation": {
      "samples": 137887,
      "attack_samples": 17,
      "normal_samples": 137870,
      "true_positives": 17,
      "false_positives": 5972,
      "true_negatives": 131898,
      "false_negatives": 0,
      "precision": 0.002838537318417098,
      "recall": 1.0,
      "f1": 0.005661005661005662,
      "fpr": 0.0433161674040763,
      "triggered_by": {
        "residual": 893,
        "temporal": 5091,
        "both": 5,
        "none": 131898
      }
    },
    "magnetometer_spoofing": {
      "samples": 137887,
      "attack_samples": 43,
      "normal_samples": 137844,
      "true_positives": 2,
      "false_positives": 5951,
      "true_negatives": 131893,
      "false_negatives": 41,
      "precision": 0.0003359650596337981,
      "recall": 0.046511627906976744,
      "f1": 0.00066711140760507,
      "fpr": 0.04317199152665332,
      "triggered_by": {
        "residual": 857,