{
  "gps_gradual_drift": {
    "recall": 1.0,
    "precision": 0.25642231245992736,
    "f1": 0.4081785398380622
  },
  "gps_sudden_jump": {
    "recall": 1.0,
    "precision": 0.18422628645137512,
    "f1": 0.3111335874893021
  },
  "gps_oscillating": {
    "recall": 1.0,
    "precision": 0.21367813635392177,
    "f1": 0.3521166443614848
  },
  "gps_meaconing": {
    "recall": 1.0,
    "precision": 0.2763624637213802,
    "f1": 0.43304699343102576
  },
  "gps_jamming": {
    "recall": 1.0,
    "precision": 0.13168525511548257,
    "f1": 0.23272416870368215
  },
  "gps_freeze": {
    "recall": 0.9997499374843711,
    "precision": 0.18418870358426243,
    "f1": 0.3110678856253647
  },
  "gps_multipath": {
    "recall": 1.0,
    "precision": 0.25642231245992736,
    "f1": 0.4081785398380622
  },
  "imu_constant_bias": {
    "recall": 1.0,
    "precision": 0.17083902939166096,
    "f1": 0.2918232568321961
  },
  "imu_gradual_drift": {
    "recall": 0.9903737967245906,
    "precision": 0.3273283199735559,
    "f1": 0.49203440886928973
  },
  "imu_sinusoidal": {
    "recall": 0.9957489372343086,
    "precision": 0.1751099384344767,
    "f1": 0.2978421032948128
  },
  "imu_noise_injection": {
    "recall": 1.0,
    "precision": 0.21599550639474593,
    "f1": 0.35525707991329997
  },
  "imu_scale_factor": {
    "recall": 1.0,
    "precision": 0.25680650684931505,
    "f1": 0.4086651452706155
  },
  "gyro_saturation": {
    "recall": 1.0,
    "precision": 0.22704216821863882,
    "f1": 0.3700641658440277
  },
  "accel_saturation": {
    "recall": 1.0,
    "precision": 0.09247779422649889,
    "f1": 0.16929917425365235
  },
  "magnetometer_spoofing": {
    "recall": 0.9567913582716543,
    "precision": 0.20640400466059639,
    "f1": 0.33955700695726254
  },
  "barometer_spoofing": {
    "recall": 0.9998333055509252,
    "precision": 0.3880944678097703,
    "f1": 0.5591498088934465
  },
  "actuator_stuck": {
    "recall": 0.29507376844211053,
    "precision": 0.10412989763501589,
    "f1": 0.15393646859304677
  },
  "actuator_degraded": {
    "recall": 0.3614201775221903,
    "precision": 0.25478099938309684,
    "f1": 0.2988731520727799
  },
  "control_hijack": {
    "recall": 0.9883294431477159,
    "precision": 0.2217566960945683,
    "f1": 0.3622364802933089
  },
  "thrust_manipulation": {
    "recall": 0.9997499374843711,
    "precision": 0.2842516885886953,
    "f1": 0.44264836138175373
  },
  "coordinated_gps_imu": {
    "recall": 1.0,
    "precision": 0.22006515231554852,
    "f1": 0.36074327981237597
  },
  "stealthy_coordinated": {
    "recall": 0.3594199274909364,
    "precision": 0.15708665719593487,
    "f1": 0.21862286605072048
  },
  "replay_attack": {
    "recall": 1.0,
    "precision": 0.005127153404429861,
    "f1": 0.010201999591920016
  },
  "time_delay": {
    "recall": 0.4090681780296716,
    "precision": 0.21107861689317048,
    "f1": 0.27846808510638293
  },
  "sensor_dropout": {
    "recall": 0.28609536512170725,
    "precision": 0.07571478997529121,
    "f1": 0.11974042285953529
  },
  "adaptive_attack": {
    "recall": 1.0,
    "precision": 0.41197313666515595,
    "f1": 0.5835424569594397
  },
  "intermittent_attack": {
    "recall": 1.0,
    "precision": 0.15832146812213257,
    "f1": 0.2733636084269471
  },
  "slow_ramp": {
    "recall": 0.9999374960935058,
    "precision": 0.595762112240718,
    "f1": 0.7466629328852796
  },
  "resonance_attack": {
    "recall": 0.6632772128688115,
    "precision": 0.3057241644256627,
    "f1": 0.418533712001683
  },
  "false_data_injection": {
    "recall": 0.29325865173034604,
    "precision": 0.07631044713965957,
    "f1": 0.12110698058653448
  },
  "clean": {
    "recall": 0.0,
    "precision": 0.0,
    "f1": 0.0
  },
  "overall": {
    "recall": 0.8532709164399073,
    "precision": 0.22150553953948723,
    "f1": 0.33762731053457645
  }
}