{
  "optimal_threshold": -0.22554519376637416,
  "metric": "f1",
  "metric_value": 0.9407564646854497,
  "performance": {
    "precision": 0.8899233296823659,
    "recall": 0.9977486696684404,
    "f1": 0.9407564646854497,
    "tpr": 0.9977486696684404,
    "fpr": 0.9725806451612903,
    "balanced_accuracy": 0.5125840122535751
  },
  "confusion_matrix": {
    "TP": 4875,
    "TN": 17,
    "FP": 603,
    "FN": 11
  },
  "score_statistics": {
    "min": -0.2625379852506009,
    "max": 10.49547547665901,
    "mean": 0.2080531219553129,
    "std": 0.9039467760253911,
    "n_samples": 5506,
    "n_normal": 620,
    "n_fault": 4886
  }
}