{
  "robustness": {
    "PureNN": {
      "Clean": 0.9155609207854726,
      "Noise_5pct": 1.8763625163970334,
      "Dropout_10pct": 0.3434727198059563,
      "Both": 0.3674787812707465,
      "OOD": 0.03864692996793777
    },
    "PINN": {
      "Clean": 5.346717632277487,
      "Noise_5pct": 4.318505050686225,
      "Dropout_10pct": 0.6730326007164157,
      "Both": 0.6831895846733184,
      "OOD": 0.10262940355710475
    },
    "Modular": {
      "Clean": 1.1080795164398896,
      "Noise_5pct": 2.744550394372964,
      "Dropout_10pct": 0.17760967896165317,
      "Both": 0.48362102474241864,
      "OOD": 0.04061029752316494
    }
  },
  "jacobian_stats": {
    "PureNN": {
      "mean": 0.8165974887212117,
      "p95": 0.9576273024082184,
      "max": 1.0031311511993408
    },
    "PINN": {
      "mean": 1.1050440283616383,
      "p95": 1.2749332308769226,
      "max": 1.3464360237121582
    },
    "Modular": {
      "mean": 1.032455874880155,
      "p95": 1.0929585993289948,
      "max": 1.124311923980713
    }
  }
}